"","accession","n_seeds","total_area","mean_area","seed_area_sd","mean_convex_hull_area","total_perimeter","mean_perimeter","mean_seed_length","mean_seed_width","mean_seed_extent","mean_solidity","mean_equi_dia","mean_aspect_ratio","plant_id","seedlot","remainder_seed_weight_g","seed_5rac_wt_g","number_of_racemes","subsample","total_seed_weight_g","image_weights_g","seeds_per_g"
"1","2501",97,73755.5,760.365979381443,149.251439751988,779.876288659794,10157.9168593884,104.720792364828,34.6029313667533,28.3066256611618,0.726805619680709,0.973988932055742,30.9274257799375,0.820211738641207,"Ta06649","K1801_R8_C25_Ta04603_seed_lot",2.6387,0.1518,NA,NA,2.7905,0.1518,638.998682476943
"2","2502",97,78833,812.711340206186,116.578117475909,833.546391752577,10539.6296238899,108.65597550402,36.2000837227733,29.0208649389523,0.725768106603442,0.975060751416196,32.0854881277069,0.807779214805285,"Ta06646","K1801_R8_C25_Ta04603_seed_lot",0.5848,0.1691,NA,NA,0.7539,0.1691,573.625073920757
"3","2503",24,18458.5,769.104166666667,269.230424146737,789.875,2526.24088442326,105.260036850969,34.8306521574656,28.2174544731776,0.720166032129619,0.972182213965025,30.856600407131,0.810881544318882,"Ta06608","K1801_R7_C44_Ta04446_seed_lot",0.4295,0.0435,NA,NA,0.473,0.0435,551.724137931035
"4","2514",123,101335.5,823.865853658537,103.51872946023,845.491869918699,13476.2624275684,109.563109167223,36.2783287172395,29.4346315492459,0.726943078028141,0.973830167296429,32.3207145018396,0.815517164681143,"Ta06406","K1801_R2_C27_Ta04561_seed_lot",1.0455,0.2888,NA,0.2069,1.3343,0.2069,594.490091831803
"5","2516",35,27094,774.114285714286,97.9758437901229,794.742857142857,3720.79635751247,106.308467357499,35.2977971213204,28.3396204267229,0.724056648006887,0.973700245564285,31.3239305822174,0.804408941048099,"Ta06714","K1801_R9_C33_Ta04587_seed_lot",2.9392,0.0559,NA,NA,2.9951,0.0559,626.118067978533
"6","2517",69,43666.5,632.847826086957,182.319941480303,651.202898550725,6552.115452528,94.9581949641739,31.3900893391043,25.5481005544248,0.713990763113444,0.969541917654472,27.9454446626118,0.816994861324669,"Ta06501","K1801_R5_C20_Ta04476_seed_lot",0.2635,0.081,NA,NA,0.3445,0.081,851.851851851852
"7","2518",34,25841.5,760.044117647059,85.7086650659061,779.25,3560.18618440628,104.711358364891,34.4489093107336,28.5106571421904,0.73263427070885,0.975384954295721,31.0588153020102,0.830212740866715,"Ta06502","K1801_R5_C20_Ta04476_seed_lot",2.3366,0.0539,NA,NA,2.3905,0.0539,630.797773654916
"8","2519",59,46186,782.813559322034,98.9267361400329,801.508474576271,6262.59359371662,106.14565413079,34.8493052337129,29.0078681040618,0.73394231161492,0.976562596116194,31.5071711526746,0.834614635858986,"Ta06655","K1801_R8_C32_Ta04768_seed_lot",1.0768,0.1011,NA,NA,1.1779,0.1011,583.580613254204
"9","2521",65,36583,562.815384615385,279.461921171052,578.830769230769,5715.95189344883,87.9377214376743,29.2518415597769,23.6430735074557,0.706793077993418,0.965340077444365,25.7891819413025,0.800396768079,"Ta06669","K1801_R8_C44_Ta04396_seed_lot",2.0197,0.0663,NA,NA,2.086,0.0663,980.392156862745
"10","2525",33,19840.5,601.227272727273,224.617699203457,619.409090909091,3013.48561549187,91.317745923996,30.2822734659368,24.6354166377674,0.717197279613265,0.970480171125164,26.9219625412425,0.811310784587511,"Ta06344","K1801_R1_C11_Ta04641_seed_lot",0.1307,0.0343,NA,NA,0.165,0.0343,962.099125364432
"11","2536",21,16216.5,772.214285714286,87.3370728025292,791.833333333333,2222.13323891163,105.815868519601,34.8267750512986,28.7217177436465,0.731738364392479,0.975199440902284,31.3066665282953,0.827952659334478,"Ta06357","K1801_R1_C2_Ta04565_seed_lot",0.6479,0.036,NA,NA,0.6839,0.036,583.333333333333
"12","2541",158,73693.5,466.414556962025,193.811355134579,481.408227848101,12833.287684679,81.2233397764496,27.0220625189286,21.7013852566103,0.704688110396034,0.966967045974756,23.7688525597171,0.806998246244225,"Ta06387","K1801_R2_C2_Ta04891_seed_lot",5.0618,0.1457,NA,NA,5.2075,0.1457,1084.42004118051
"13","2546",22,17613,800.590909090909,95.9913979731959,819.227272727273,2364.19925391674,107.463602450761,35.4875891425393,29.0995305668224,0.727764210006626,0.977301398465334,31.8643096965616,0.823511476491287,"Ta06652","K1801_R8_C25_Ta04603_seed_lot",0.1126,0.0365,NA,NA,0.1491,0.0365,602.739726027397
"14","2547",56,17946.5,320.473214285714,273.141545384321,333.071428571429,3636.36280882359,64.935050157564,22.4164385454995,16.5788980977876,0.663947178456268,0.952386169339911,18.5404705511856,0.729740834546653,"Ta06600","K1801_R7_C44_Ta04446_seed_lot",2.5777,0.0276,NA,NA,2.6053,0.0276,2028.98550724638
"15","2548",95,69589,732.515789473684,74.2768846890077,752.605263157895,9840.41938138008,103.583361909264,34.7329681396484,27.3236493763171,0.721377187910042,0.973262322423982,30.4999247973709,0.789030215353161,"Ta06508","K1801_R5_C20_Ta04476_seed_lot",2.2151,0.1499,NA,NA,2.365,0.1499,633.755837224817
"16","2549",4,3140,785,102.709136237565,803.75,429.788884758949,107.447221189737,35.9472012519836,28.3644967079163,0.706804884415424,0.976536685622904,31.5615263860327,0.793394035230267,"Ta06493","K1801_R4_C46_Ta04526_seed_lot",2.2108,0.0061,NA,NA,2.2169,0.0061,655.737704918033
"17","2550",90,61586.5,684.294444444444,57.8680159687526,704.877777777778,9001.00099945068,100.011122216119,32.0319366455078,27.7542478137546,0.723548414738315,0.970956635087259,29.4904629890064,0.868623374015202,"Ta06748","K1801_R9_C5_Ta04605_seed_lot",5.0058,0,NA,NA,NA,5.0058,17.9791441927364
"18","2551",96,80505,838.59375,106.52615968563,860.895833333333,10629.654011488,110.725562619666,37.3452678521474,29.0462046265602,0.722625462288913,0.974341713743567,32.61217176804,0.780441758751696,"Ta06635","K1801_R8_C23_Ta04394_seed_lot",1.2488,0.1581,NA,NA,1.4069,0.1581,607.210626185958
"19","2552",41,13289,324.121951219512,229.55374589864,336.963414634146,2751.73835802078,67.115569707824,23.0916885748142,17.3990922090484,0.666253283676895,0.951217076942758,19.1831459125834,0.759090810568839,"Ta06526","K1801_R5_C38_Ta04574_seed_lot",4.1234,0.0217,NA,NA,4.1451,0.0217,1889.40092165899
"20","2553",3,2005.5,668.5,132.590535107149,685.666666666667,294.350285768509,98.1167619228363,31.1003754933675,27.5359954833984,0.73201329176255,0.974961060970247,29.0832495997901,0.890235213707044,"Ta06496","K1801_R4_C46_Ta04526_seed_lot",0.6492,0.0035,NA,NA,0.6527,0.0035,857.142857142857
"21","2554",115,85333,742.026086956522,103.366318521698,760.969565217391,11947.7170561552,103.893191792654,35.0259598441746,27.3165158644966,0.727001888756984,0.973923809792294,30.6252194664909,0.779981628976241,"Ta06647","K1801_R8_C25_Ta04603_seed_lot",1.2331,0.1707,NA,NA,1.4038,0.1707,673.69654364382
"22","2555",38,27421,721.605263157895,215.608728383928,739.710526315789,3838.93849074841,101.024697124958,33.3583632519371,27.328547000885,0.729177558941774,0.973927663642647,29.8794289982691,0.816906876651096,"Ta06589","K1801_R7_C25_Ta04825_seed_lot",1.0482,0.048,NA,NA,1.0962,0.048,791.666666666667
"23","2556",114,29193.5,256.083333333333,199.533692196416,266.75,6760.4098225832,59.3018405489754,20.3176434332864,15.4161858224032,0.67153646164248,0.951698365537388,17.0315527294372,0.755009061913466,"Ta06683","K1801_R8_C45_Ta04629_seed_lot",5.3245,0.0454,NA,NA,5.3699,0.0454,2511.01321585903
"24","2557",116,65907,568.163793103448,187.375892559432,586.163793103448,10514.6102901697,90.6431921566355,30.3348575131647,23.8612022399902,0.704446749804781,0.965387216002122,26.4300326759691,0.789414600625374,"Ta06567","K1801_R6_C18_Ta04704_seed_lot",1.6912,0.1376,NA,NA,1.8288,0.1376,843.023255813953
"25","2565",124,106080,855.483870967742,81.2063500131287,875.822580645161,13763.1467591524,110.993119025423,36.456534401063,30.2215268688817,0.730042217542082,0.976773486609797,32.9664421380197,0.830754845067707,"Ta06606","K1801_R7_C44_Ta04446_seed_lot",1.6016,0.2349,NA,0.2282,1.8365,0.2282,543.382997370727
"26","2565",124,106080,855.483870967742,81.2063500131287,875.822580645161,13763.1467591524,110.993119025423,36.456534401063,30.2215268688817,0.730042217542082,0.976773486609797,32.9664421380197,0.830754845067707,"Ta06606","K1801_R7_C44_Ta04446_seed_lot",1.3739,0.2322,NA,NA,1.6061,0.2322,534.022394487511
"27","2566",84,61181,728.345238095238,92.9392850195364,747.571428571429,8639.92992734909,102.856308658918,34.0384133883885,27.6149804705665,0.720213131421543,0.974150985860709,30.3902577298159,0.813820728740488,"Ta06408","K1801_R2_C27_Ta04561_seed_lot",0.1594,0.1277,NA,NA,0.2871,0.1277,657.791699295223
"28","2567",123,84815,689.552845528455,108.23713744443,708.886178861789,12355.5891993046,100.451944709793,33.8361996441353,26.3635858287656,0.717656701986016,0.972255978364398,29.512085261297,0.782574557949757,"Ta06607","K1801_R7_C44_Ta04446_seed_lot",0.6704,0.1651,NA,NA,0.8355,0.1651,745.003028467595
"29","2574",154,99599.5,646.75,138.012304675453,666.422077922078,14926.5752536058,96.9258133351029,31.4766781670707,26.6423778657789,0.7274816323883,0.973148677194343,28.6010014590183,0.850750559844018,"Ta06682","K1801_R8_C44_Ta04396_seed_lot",0.8496,0.1882,NA,NA,1.0378,0.1882,818.278427205101
"30","2575",70,34792,497.028571428571,254.878841431618,515.421428571429,5883.06459236145,84.0437798908779,28.1972485678537,22.0858499663217,0.683773259768956,0.944671607256857,24.1377233059817,0.780372244006845,"Ta06670","K1801_R8_C44_Ta04396_seed_lot",0.9852,0.0644,NA,NA,1.0496,0.0644,1086.95652173913
"31","2576",183,59470.5,324.975409836066,218.999380792745,339.409836065574,12405.6266560555,67.7903095959314,23.3404026708968,17.3576351593101,0.671808063797857,0.951553209156638,19.3209203882182,0.74250168685216,"Ta06409","K1801_R2_C27_Ta04561_seed_lot",1.3288,0.0846,NA,NA,1.4134,0.0846,2163.12056737589
"32","2578",37,25647.5,693.175675675676,86.943245873403,711.783783783784,3719.03899765015,100.514567504058,33.4717302580137,26.8642950831233,0.723473611193864,0.973772359270214,29.6530387988962,0.806953863046855,"Ta06689","K1801_R8_C45_Ta04629_seed_lot",0.0024,0.0514,NA,NA,0.0538,0.0514,719.844357976654
"33","2579",92,46092,501,220.464718963585,518.103260869565,7806.58766329288,84.8542137314444,28.8507093450297,22.0078082395637,0.690269604387599,0.960501247988123,24.5559883291537,0.7689758368707,"Ta06599","K1801_R7_C44_Ta04446_seed_lot",2.3314,0.1439,NA,0.0892,2.4753,0.0892,1031.39013452915
"34","2591",35,26141,746.885714285714,258.504496653184,768.728571428571,3662.08568120003,104.631019462858,36.0291263035366,26.5171816689628,0.707497968605073,0.965977458125858,30.363001305093,0.734017029423728,"Ta06352","K1801_R1_C2_Ta04565_seed_lot",0.028,0.0577,NA,NA,0.0857,0.0577,606.585788561525
"35","2597",44,28190,640.681818181818,176.543626959098,658.965909090909,4219.41366946697,95.8957652151585,31.6006908416748,25.9320384805853,0.716990693262214,0.97087828402031,28.2288996315501,0.824414545320905,"Ta06621","K1801_R7_C49_Ta04429_seed_lot",2.3785,0.0588,NA,NA,2.4373,0.0588,748.299319727891
"36","2598",60,42627,710.45,57.5978680749527,727.841666666667,6071.33876001835,101.188979333639,33.3026920318604,27.5804530143738,0.729898672457529,0.976123648223568,30.0516631990054,0.830344652778907,"Ta06745","K1801_R9_C5_Ta04605_seed_lot",0.7242,0.1045,NA,NA,0.8287,0.1045,574.162679425837
"37","2618",268,187170.5,698.397388059701,95.3518013627155,716.134328358209,26808.8852442503,100.033153896456,32.016190955888,28.2106652046317,0.731483078706188,0.975195728701505,29.7543991201004,0.88404329359184,"Ta06539","K1801_R5_C52_Ta04612_seed_lot",3.5341,0.3816,NA,NA,3.9157,0.3816,702.30607966457
"38","2628",167,105281.5,630.428143712575,113.656919754053,648.51497005988,15955.3489794731,95.5410118531324,31.309230033509,26.0094081912926,0.719000347093674,0.970641820090133,28.1741229586996,0.829399502076742,"Ta06335","K1801_R1_C11_Ta04641_seed_lot",1.0042,0.2066,NA,NA,1.2108,0.2066,808.325266214908
"39","2629",100,76369.5,763.695,99.2085319064359,783.155,10528.7595670223,105.287595670223,34.7261973381042,28.4651444816589,0.725332284376035,0.975088732070355,31.1181653590027,0.821736378669425,"Ta06416","K1801_R2_C27_Ta04561_seed_lot",0.675,0.1547,NA,NA,0.8297,0.1547,646.412411118293
"40","2637",29,21515.5,741.913793103448,195.32829822806,763.01724137931,2988.05415606499,103.036350209137,33.8181101042649,27.9917885681679,0.708583755802619,0.969731539909669,30.3407853415523,0.828914018386898,"Ta06626","K1801_R7_C49_Ta04429_seed_lot",0.0054,0.0434,"2",NA,0.0488,0.0434,668.202764976959
"41","2643",18,12233.5,679.638888888889,188.859331837805,699.972222222222,1791.74132394791,99.5411846637726,33.7306549284193,25.5114685694377,0.701620130289996,0.970789623536802,29.0767117492617,0.754436440592451,"Ta06563","K1801_R6_C18_Ta04704_seed_lot",4.7437,0.0304,NA,NA,4.7741,0.0304,592.105263157895
"42","2648",102,74750.5,732.848039215686,124.311804343303,754.127450980392,10560.9950648546,103.539167302496,34.3535583720488,27.5789888933593,0.724501397049451,0.970963616725595,30.4097524215998,0.805606974004039,"Ta06564","K1801_R6_C18_Ta04704_seed_lot",1.5986,0.1655,NA,NA,1.7641,0.1655,616.31419939577
"43","2652",0,0,0,0,0,0,0,0,0,0,0,0,0,"Ta06415","K1801_R2_C27_Ta04561_seed_lot",0,0,"0",NA,0,0,NA
"44","2653",59,32055.5,543.313559322034,271.963659120002,560.618644067797,5164.66553556919,87.5367039926982,29.6239757214562,22.8700559583761,0.702869169045024,0.966220278215352,25.4768996398796,0.774590178384612,"Ta06543","K1801_R6_C14_Ta04877_seed_lot",4.1118,0.0551,NA,NA,4.1669,0.0551,1070.78039927405
"45","2654",108,77288.5,715.634259259259,73.6756153144956,735.865740740741,11070.0976610184,102.500904268689,34.2376160798249,27.1176908810933,0.725069965138942,0.972457791248135,30.1450871271094,0.795475869055895,"Ta06553","K1801_R6_C14_Ta04877_seed_lot",2.7404,0.1866,NA,NA,2.927,0.1866,578.778135048232
"46","2655",14,6165.5,440.392857142857,208.010186378847,454.642857142857,1101.76153302193,78.6972523587091,27.0698046684265,20.7075245721,0.711964873500635,0.96727436954284,22.9280813996908,0.771545051381063,"Ta06720","K1801_R9_C33_Ta04587_seed_lot",1.2541,0.0114,NA,NA,1.2655,0.0114,1228.0701754386
"47","2656",10,5924,592.4,145.258543447346,606.9,916.607206225395,91.6607206225395,30.029990196228,25.1788446426392,0.729477638884526,0.974723248751946,27.2293994117189,0.836893186443347,"Ta06550","K1801_R6_C14_Ta04877_seed_lot",1.2296,0.0142,NA,NA,1.2438,0.0142,704.225352112676
"48","2657",86,60814.5,707.145348837209,186.139382726068,724.825581395349,8659.26088047028,100.689080005468,32.769077611524,27.7250169044317,0.723978851836685,0.975491732330151,29.7953550015205,0.855788881602009,"Ta06358","K1801_R1_C2_Ta04565_seed_lot",3.918,0.1317,NA,0.2075,4.0497,0.2075,414.457831325301
"49","2658",148,105665.5,713.956081081081,108.841705083529,732.976351351351,15023.4280661345,101.509649095503,32.9919435397999,27.9807626105644,0.72709697655909,0.973662371385757,30.038631921557,0.848914186814294,"Ta06399","K1801_R2_C26_Ta04900_seed_lot",0.8313,0.5573,NA,NA,1.3886,0.5573,265.56612237574
"50","2659",80,50437,630.4625,200.018270921763,649.44375,7595.59271466732,94.9449089333415,31.537153840065,25.344406914711,0.706177349790364,0.962336939236239,27.7776213273852,0.801139591356107,"Ta06505","K1801_R5_C20_Ta04476_seed_lot",1.261,0.2299,NA,0.104,1.4909,0.104,769.230769230769
"51","2660",4,2023.5,505.875,312.023603540929,523.75,335.462983012199,83.8657457530499,29.0460362434387,21.3768346309662,0.60220007928217,0.934167871633129,23.7022343612329,0.692004631616169,"Ta06706","K1801_R9_C24_Ta04704_seed_lot",2.5899,0.0048,NA,NA,2.5947,0.0048,833.333333333333
"52","2682",76,55437.5,729.440789473684,119.640794801363,749.276315789474,7805.5998557806,102.705261260271,33.4669377176385,28.1542702223125,0.729719295246243,0.973863155333535,30.3873526827183,0.847286431599026,"Ta06594","K1801_R7_C25_Ta04825_seed_lot",1.5395,0.1298,NA,NA,1.6693,0.1298,585.516178736518
"53","2689",16,11788,736.75,103.092353418347,755.8125,1653.47429919243,103.342143699527,33.9231232404709,28.3171511888504,0.725124555105645,0.974770364759373,30.5601840305279,0.837123464597429,"Ta06610","K1801_R7_C44_Ta04446_seed_lot",0.0135,0.0232,NA,NA,0.0367,0.0232,689.655172413793
"54","2690",80,56745,709.3125,81.8388496383385,726.825,8119.34710752964,101.491838844121,34.0980333328247,26.8690451383591,0.725095006034355,0.975810616711501,30.000377086213,0.789488850566315,"Ta06578","K1801_R6_C44_Ta04613_seed_lot",0.9853,0.128,NA,NA,1.1133,0.128,625
"55","2691",83,46966,565.855421686747,225.705162337091,584.626506024096,7519.30844140053,90.5940776072353,31.2955070863287,22.8201031857226,0.692650046673645,0.965496945548663,26.1667464144445,0.735953273033521,"Ta06532","K1801_R5_C52_Ta04612_seed_lot",1.0672,0.08,NA,NA,1.1472,0.08,1037.5
"56","2692",23,16379.5,712.152173913043,62.8413288266222,732.04347826087,2354.01548922062,102.348499531331,34.7483444213867,26.6167674686598,0.72303185115433,0.972773528051279,30.0847071876776,0.767479742080638,"Ta06717","K1801_R9_C33_Ta04587_seed_lot",0.1122,0.0349,NA,NA,0.1471,0.0349,659.025787965616
"57","2696",82,64973,792.353658536585,108.243994153951,815.603658536585,8841.16037547588,107.819028969218,35.688614984838,28.8905032553324,0.72396105224562,0.970105811055262,31.6839869593398,0.812909557965828,"Ta06726","K1801_R9_C46_Ta04833_seed_lot",0.2455,0.1365,NA,NA,0.382,0.1365,600.732600732601
"58","2697",123,52558,427.30081300813,251.715847308466,442.49593495935,9518.66498601437,77.3875202114989,26.4792276320419,19.872810104029,0.686958563707074,0.962130187119439,22.3688141704998,0.7554593737577,"Ta06725","K1801_R9_C46_Ta04833_seed_lot",1.0087,0.0882,NA,NA,1.0969,0.0882,1394.55782312925
"59","2698",73,54225,742.808219178082,109.870461293471,764.253424657534,7581.49934947491,103.856155472259,34.080995011003,28.2362804674122,0.723881242655303,0.9740908519663,30.6807652678696,0.832285307500544,"Ta06686","K1801_R8_C45_Ta04629_seed_lot",0.7187,0.1153,NA,NA,0.834,0.1153,633.130962705984
"60","2701",92,56919,618.684782608696,181.050349948393,638.820652173913,8732.39082467556,94.9172915725604,31.8337067210156,24.846064598664,0.701570470786193,0.966302779276385,27.6449588622834,0.781530683547696,"Ta06360","K1801_R1_C2_Ta04565_seed_lot",1.1795,0.1057,NA,NA,1.2852,0.1057,870.38789025544
"61","2702",120,63620,530.166666666667,216.00215270221,552.9875,10689.4630982876,89.0788591523965,30.508717807134,22.3530076305072,0.677622548012288,0.949061098850506,25.3591883882719,0.73662153606702,"Ta06651","K1801_R8_C25_Ta04603_seed_lot",0.9094,0.118,NA,NA,1.0274,0.118,1016.94915254237
"62","2706",134,40278,300.582089552239,197.834319627987,312.828358208955,8669.03845071793,64.6943167964024,22.1579102402303,16.7542470284362,0.67592697862305,0.954350177840498,18.5771343770414,0.758492155794573,"Ta06345","K1801_R1_C11_Ta04641_seed_lot",3.1953,0.0615,NA,NA,3.2568,0.0615,2178.86178861789
"63","2711",215,64000.5,297.676744186047,228.192437887359,312.411627906977,13843.8217331171,64.3898685261261,22.2954677226932,16.1706402312878,0.657683025761405,0.948699490475013,18.19412000857,0.730386701133244,"Ta06411","K1801_R2_C27_Ta04561_seed_lot",1.2833,0.0956,NA,NA,1.3789,0.0956,2248.9539748954
"64","2714",31,21698.5,699.951612903226,368.829937207713,728.096774193548,3094.53943586349,99.8238527697902,33.6959667821084,25.6001161452263,0.693934806898207,0.963951457300314,28.7564496254467,0.759104488216813,"Ta06534","K1801_R5_C52_Ta04612_seed_lot",1.1834,0.0379,NA,NA,1.2213,0.0379,817.941952506596
"65","2717",240,196116,817.15,120.286845102041,841.420833333333,26301.3978695869,109.589157789946,36.3254619995753,29.1551919062932,0.722137094558042,0.971579265032546,32.1727652161041,0.808415888024538,"Ta06354","K1801_R1_C2_Ta04565_seed_lot",5.1812,0.4283,NA,NA,5.6095,0.4283,560.35489143124
"66","2718",99,67971.5,686.580808080808,70.9131297775704,705.272727272727,9889.75034058094,99.8964680866762,32.7990026955653,27.081650107798,0.726791646216368,0.973432854187175,29.5271181079512,0.828895951019659,"Ta06334","K1801_R1_C11_Ta04641_seed_lot",0.7922,0.15,NA,NA,0.9422,0.15,660
"67","2724",100,66287,662.87,186.959262294158,681.755,9773.25792050362,97.7325792050362,32.77796667099,25.8547828769684,0.721477764358447,0.971131935007048,28.6839314395197,0.791858331051676,"Ta06642","K1801_R8_C25_Ta04603_seed_lot",3.0533,0.2805,NA,0.1285,3.3338,0.1285,778.210116731517
"68","2734",250,172369.5,689.478,90.5806709391753,707.486,25005.7053172588,100.022821269035,33.0389099884033,26.9513073234558,0.726027477257844,0.973875686677747,29.5517274002327,0.819101102320068,"Ta06385","K1801_R2_C2_Ta04891_seed_lot",0.4537,0.3763,NA,NA,0.83,0.3763,664.36353972894
"69","2754",81,49520.5,611.364197530864,117.232754924383,629.697530864198,7642.40389418602,94.3506653603212,31.2483456105362,25.3093026361348,0.710464155420224,0.967441242115917,27.6880072478435,0.810034779028112,"Ta06625","K1801_R7_C49_Ta04429_seed_lot",0.1592,0.1006,NA,NA,0.2598,0.1006,805.168986083499
"70","2755",93,62559,672.677419354839,109.743590611135,691.209677419355,9197.26801848412,98.8953550374636,32.5367155792893,26.7816408629058,0.724893319321428,0.973205787320799,29.1767088816552,0.827387156295414,"Ta06590","K1801_R7_C25_Ta04825_seed_lot",0.2192,0.2114,NA,0.1369,0.4306,0.1369,679.327976625274
"71","2757",57,38812.5,680.921052631579,113.138852327638,698.473684210526,5627.85138857365,98.734234887257,32.0463358059264,27.3272517354865,0.725556007933061,0.973765378899645,29.2670290177403,0.851042461099234,"Ta06609","K1801_R7_C44_Ta04446_seed_lot",0.3632,0.0796,NA,NA,0.4428,0.0796,716.08040201005
"72","2758",186,54494,292.978494623656,232.844356018379,309.712365591398,11844.7667030096,63.6815414140301,21.7543925367376,16.2314893968644,0.660833427073859,0.946458024691299,18.0217450042397,0.748268224439794,"Ta06678","K1801_R8_C44_Ta04396_seed_lot",0.7601,0.0764,NA,NA,0.8365,0.0764,2434.55497382199
"73","2800",34,6873,202.147058823529,215.143029570808,212.25,1746.50373482704,51.3677569066777,17.7780070304871,13.1270832314211,0.623192300369615,0.930623495718548,14.4319922315332,0.737051133910659,"Ta06613","K1801_R7_C49_Ta04429_seed_lot",1.0768,0.0097,NA,NA,1.0865,0.0097,3505.15463917526
"74","2824",113,82006.5,725.721238938053,67.3602037176247,743.504424778761,11570.8713904619,102.39709195099,34.0082505150179,27.5487370786414,0.723983482646357,0.976041029434259,30.3651200536681,0.812029029021558,"Ta06739","K1801_R9_C5_Ta04605_seed_lot",1.4232,0.2513,NA,0.1766,1.6745,0.1766,639.864099660249
"75","2825",59,22705.5,384.838983050847,199.055516443364,397.110169491525,4289.51417255402,72.7036300432884,24.0536770254879,19.7227327702409,0.69699734271007,0.964079466699459,21.3010093862523,0.815999355515948,"Ta06355","K1801_R1_C2_Ta04565_seed_lot",1.7821,0.0398,NA,NA,1.8219,0.0398,1482.41206030151
"76","2826",113,63734.5,564.022123893805,243.910536780582,588.172566371681,10206.4021420479,90.3221428499813,29.7935114413236,24.2617298902664,0.706396225807925,0.963054088790756,26.2234218061067,0.816972734508374,"Ta06380","K1801_R2_C2_Ta04891_seed_lot",0.3444,0.1076,NA,NA,0.452,0.1076,1050.18587360595
"77","2827",49,20985.5,428.275510204082,226.806063016597,442.5,3804.5537135601,77.6439533379613,26.1370859146118,20.3137370080364,0.685734242350102,0.963187191686143,22.5236078643048,0.781567309736948,"Ta06561","K1801_R6_C18_Ta04704_seed_lot",2.578,0.0388,NA,NA,2.6168,0.0388,1262.88659793814
"78","2847",86,53119,617.662790697674,99.4644317704299,635.738372093023,8154.03339612484,94.8143418154051,30.8758447336596,26.0099829185841,0.715234624634747,0.970732158110291,27.9203545674163,0.842122042571978,"Ta06595","K1801_R7_C25_Ta04825_seed_lot",0.2587,0.2133,NA,0.107,0.472,0.107,803.738317757009
"79","2852",45,27333,607.4,345.956802348081,626.455555555556,4083.44815695286,90.7432923767302,30.8176418728299,23.5390572547913,0.696350698178603,0.962160371934979,26.3644664176103,0.759505075133079,"Ta06741","K1801_R9_C5_Ta04605_seed_lot",1.1352,0.0525,NA,NA,1.1877,0.0525,857.142857142857
"80","2866",110,39362,357.836363636364,162.830244653171,372,7947.45057666302,72.2495506969365,24.6772607629949,18.6288771239194,0.684749852202886,0.95656604083077,20.7802261772205,0.759755223736052,"Ta06557","K1801_R6_C18_Ta04704_seed_lot",2.2254,0.0666,NA,NA,2.292,0.0666,1651.65165165165
"81","2885",27,19605.5,726.12962962963,94.5296649198417,745.592592592593,2759.31909286976,102.197003439621,32.9348327495434,28.5210074671993,0.728912490753767,0.973935132541877,30.3498101933638,0.869858048458594,"Ta06364","K1801_R2_C11_Ta04388_seed_lot",0.5486,0.0416,NA,NA,0.5902,0.0416,649.038461538462
"82","2886",120,97093.5,809.1125,72.9728988055431,831.241666666667,13041.9882609844,108.683235508204,35.5419878641764,29.4789932409922,0.726984695715224,0.973407213927694,32.0637849035002,0.831812766476874,"Ta06677","K1801_R8_C44_Ta04396_seed_lot",4.8667,0.437,NA,0.2413,5.3037,0.2413,497.30625777041
"83","2905",26,15047.5,578.75,248.612640467053,597.538461538462,2342.21649968624,90.0852499879324,29.2176851859459,24.5918858968295,0.706804679049463,0.966441246503879,26.3939544849183,0.842329304810646,"Ta06631","K1801_R8_C23_Ta04394_seed_lot",0.4213,0.0241,NA,NA,0.4454,0.0241,1078.83817427386
"84","2907",56,40280.5,719.294642857143,61.666756683566,737.214285714286,5695.73363566399,101.709529208285,33.2499768733978,28.0307307583945,0.730568009150559,0.975746429800687,30.2346937703091,0.844163904960359,"Ta06629","K1801_R8_C23_Ta04394_seed_lot",2.4299,0.0886,NA,NA,2.5185,0.0886,632.054176072235
"85","2925",97,76242.5,786.005154639175,113.432810849946,806.324742268041,10320.0245007277,106.392005162141,34.5545422072263,29.2893716182905,0.729532445765507,0.974601799201628,31.5192590906233,0.849264252038679,"Ta06400","K1801_R2_C26_Ta04900_seed_lot",1.7541,0.15,NA,NA,1.9041,0.15,646.666666666667
"86","2926",137,93889,685.321167883212,83.1251655731716,702.86496350365,13638.328442812,99.5498426482625,32.6649600258709,27.1303789598228,0.725939211483565,0.974976837913033,29.4847471125462,0.832812763257465,"Ta06620","K1801_R7_C49_Ta04429_seed_lot",1.6273,0.199,NA,NA,1.8263,0.199,688.442211055276
"87","2928",54,32776,606.962962962963,197.96707015695,626.175925925926,5051.05030953884,93.5379686951637,30.9509661285966,25.0862889819675,0.703368062165909,0.961359857360836,27.3060558949736,0.813003244152786,"Ta06506","K1801_R5_C20_Ta04476_seed_lot",0.0675,0.0576,NA,NA,0.1251,0.0576,937.5
"88","2931",55,43785.5,796.1,96.0485698892898,817.163636363636,5957.01285839081,108.309324698015,37.1136053952304,27.71988511519,0.720363977250149,0.974143850489631,31.7784211814945,0.751401907953811,"Ta06489","K1801_R4_C46_Ta04526_seed_lot",0.3939,0.089,NA,NA,0.4829,0.089,617.977528089888
"89","2932",10,6220.5,622.05,297.527818493965,640.55,918.364565849304,91.8364565849304,31.2517646789551,24.0243834495544,0.714416191444887,0.968755559266505,26.8163493658999,0.777570072011822,"Ta06533","K1801_R5_C52_Ta04612_seed_lot",2.9336,0.013,NA,NA,2.9466,0.013,769.230769230769
"90","2944",139,117633.5,846.28417266187,151.382566175511,873.776978417266,15546.6383069754,111.846318755218,37.8929436841457,28.8424083963573,0.712864522479014,0.967985009363939,32.6039142602261,0.762252903075508,"Ta06735","K1801_R9_C46_Ta04833_seed_lot",0.3369,0.2423,NA,NA,0.5792,0.2423,573.66900536525
"91","2955",46,23773.5,516.815217391304,174.675965359852,536.695652173913,4015.18113172054,87.2865463417509,29.5430199167003,22.6123325099116,0.714324795194161,0.964118662834635,25.3091962577719,0.770345029937042,"Ta06544","K1801_R6_C14_Ta04877_seed_lot",0.7546,0.0464,NA,NA,0.801,0.0464,991.379310344828
"92","2957",151,120902,800.675496688742,149.59778517384,824.062913907285,16237.7480380535,107.534755218897,35.2252277033218,29.2092616763336,0.718023371660317,0.969061712382801,31.694719388985,0.829193787248767,"Ta06587","K1801_R7_C25_Ta04825_seed_lot",2.2743,0.2582,NA,NA,2.5325,0.2582,584.817970565453
"93","2961",213,99412.5,466.725352112676,299.279718524788,487.446009389671,17282.157197237,81.136888249939,27.84399895377,20.3941473647462,0.672802057160715,0.951332411114711,23.0583541183996,0.736615923842147,"Ta06633","K1801_R8_C23_Ta04394_seed_lot",0.893,0.1598,NA,NA,1.0528,0.1598,1332.91614518148
"94","2971",28,13006,464.5,338.236603578028,488.553571428571,2245.60632967949,80.2002260599818,27.4421788624355,20.0347252913884,0.611227828332095,0.896481795321474,22.0300864238463,0.712220527483615,"Ta06724","K1801_R9_C33_Ta04587_seed_lot",0.0039,0.0218,NA,NA,0.0257,0.0218,1284.40366972477
"95","2988",91,66437.5,730.082417582418,192.051458146801,750.296703296703,9355.30965232849,102.805600575038,34.2307964366871,27.3366824139606,0.72027609578751,0.97178337296941,30.1522837604359,0.802284997808119,"Ta06389","K1801_R2_C26_Ta04900_seed_lot",2.2293,0.2024,NA,0.1256,2.4317,0.1256,724.522292993631
"96","2990",133,102461,770.383458646617,84.8390831359055,789.815789473684,14013.8330504894,105.367165793154,34.1052042738836,29.2308503201133,0.730347426481572,0.975128595238605,31.2712395744833,0.85990905266997,"Ta06664","K1801_R8_C32_Ta04768_seed_lot",2.6752,0.2677,NA,0.2277,2.9429,0.2277,584.101888449714
"97","3009",112,78802.5,703.59375,83.5697241195304,721.133928571429,11240.8571001291,100.364795536867,32.6152970961162,27.7616375301565,0.729106027371499,0.975300292205422,29.8433046765506,0.851761069267266,"Ta06747","K1801_R9_C5_Ta04605_seed_lot",4.2904,0.1701,NA,NA,4.4605,0.1701,658.43621399177
"98","3030",119,89191.5,749.508403361345,120.556512931243,769.273109243697,12398.635884285,104.190217515,34.0181790039319,28.4287432101594,0.726865043268152,0.971467000313695,30.7475165671739,0.837046463481834,"Ta06673","K1801_R8_C44_Ta04396_seed_lot",0.9228,0.2065,NA,NA,1.1293,0.2065,576.271186440678
"99","3046",2,1364.5,682.25,410.475486478791,705.75,200.752306580544,100.376153290272,35.8845958709717,23.7024927139282,0.688760760312484,0.96494621764999,28.7645977954246,0.654157565457883,"Ta06549","K1801_R6_C14_Ta04877_seed_lot",1.4707,0.0031,NA,NA,1.4738,0.0031,645.161290322581
"100","3054",35,17103.5,488.671428571429,200.922905278483,503.542857142857,2900.08864343166,82.859675526619,27.654262815203,22.1475701195853,0.706451175157047,0.968656462239289,24.3599518735768,0.800701739393057,"Ta06630","K1801_R8_C23_Ta04394_seed_lot",0.8866,0.0278,NA,NA,0.9144,0.0278,1258.9928057554
"101","3057",114,24719,216.833333333333,217.448067919418,227.741228070175,6183.95189416409,54.2451920540709,19.1203200357002,13.6760182966266,0.653481483031899,0.951024999451963,15.346520466085,0.721724208177963,"Ta06729","K1801_R9_C46_Ta04833_seed_lot",2.7932,0.0331,NA,NA,2.8263,0.0331,3444.10876132931
"102","3059",119,94182.5,791.449579831933,83.3309309106296,813.218487394958,12816.5669007301,107.702242863278,35.7698920273981,28.6487052019905,0.725775898547804,0.973127775759073,31.6990894537851,0.804008412447413,"Ta06719","K1801_R9_C33_Ta04587_seed_lot",2.8127,0.4437,NA,0.2127,3.2564,0.2127,559.473436765397
"103","3064",97,74416,767.175257731959,153.264970741665,791.242268041237,10305.2133198977,106.239312576264,35.7731101930756,27.544826807435,0.716624701836375,0.969667215567959,31.0152816668282,0.775365217119426,"Ta06424","K1801_R3_C12_Ta04447_seed_lot",0.6918,0.5,NA,0.1697,1.1918,0.1697,571.596935769004
"104","3073",25,15422.5,616.9,217.412769864146,635.64,2346.70178341866,93.8680713367462,31.4511358642578,24.7379971694946,0.7029174792366,0.959399441639577,27.4232802849065,0.77892694853284,"Ta06628","K1801_R8_C23_Ta04394_seed_lot",0.1207,0.0292,NA,NA,0.1499,0.0292,856.164383561644
"105","3076",32,22698,709.3125,71.2832548313756,726.859375,3234.52219104767,101.07881847024,32.9734007120132,27.9003251194954,0.731273003987031,0.975826430126582,30.0154681044242,0.848229514004501,"Ta06698","K1801_R9_C24_Ta04704_seed_lot",0.7955,0.0506,NA,NA,0.8461,0.0506,632.411067193676
"106","3087",4,2647.5,661.875,277.025984040005,679.75,385.605118751526,96.4012796878815,32.402693271637,25.6347694396973,0.712224158652277,0.966844271027244,28.393506687266,0.784751321605446,"Ta06699","K1801_R9_C24_Ta04704_seed_lot",0.076,0.0066,NA,NA,0.0826,0.0066,606.060606060606
"107","3094",14,5644.5,403.178571428571,288.081492686655,416.285714285714,1043.13411676884,74.5095797692026,26.0030143601554,18.8992693083627,0.694021115583365,0.9619514138039,21.4582234824735,0.734162452010757,"Ta06661","K1801_R8_C32_Ta04768_seed_lot",0.4634,0.0085,NA,NA,0.4719,0.0085,1647.05882352941
"108","3112",179,137225,766.620111731844,79.268253404123,786.175977653631,18873.6386437416,105.439322032076,34.9050603685432,28.4283662934543,0.732101471420914,0.975129904508309,31.2032569546683,0.816693471822472,"Ta06675","K1801_R8_C44_Ta04396_seed_lot",2.2628,0.2772,NA,NA,2.54,0.2772,645.743145743146
"109","3122",56,46453.5,829.526785714286,207.700733566413,850.651785714286,6091.23825466633,108.77211169047,36.2944048302514,28.8414785947118,0.718692575463006,0.971767926575152,32.0151378603176,0.788957224214759,"Ta06671","K1801_R8_C44_Ta04396_seed_lot",0.3959,0.1073,NA,NA,0.5032,0.1073,521.901211556384
"110","3134",107,97463,910.869158878505,103.916270187412,934.57476635514,12300.9861706495,114.962487576164,37.69924801978,31.1919015545711,0.727564917679195,0.974645828558014,33.9953503928523,0.830406562586859,"Ta06727","K1801_R9_C46_Ta04833_seed_lot",0.3153,0.2079,NA,NA,0.5232,0.2079,514.670514670515
"111","3145",119,79426.5,667.449579831933,100.809738460458,684.159663865546,11635.7343028784,97.7792798561208,31.7855045414772,27.0907726928967,0.730326850913572,0.975550576613409,29.0763166269491,0.855212525839411,"Ta06665","K1801_R8_C32_Ta04768_seed_lot",1.9736,0.205,NA,0.1774,2.1786,0.1774,670.800450958286
"112","3149",4,2410,602.5,301.399236893526,620.5,364.048769831657,91.0121924579144,29.9145932197571,24.9074363708496,0.713074355179135,0.967931214902174,26.6879702470017,0.83539841347588,"Ta06497","K1801_R4_C46_Ta04526_seed_lot",0.012,0.0049,NA,NA,0.0169,0.0049,816.326530612245
"113","3152",103,63075.5,612.383495145631,248.26220724961,632.728155339806,9653.21628594398,93.7205464654756,31.8919524868715,24.323613356618,0.694678711762552,0.955232887052632,27.0911157959925,0.757475900650472,"Ta06696","K1801_R8_C45_Ta04629_seed_lot",1.4035,0.1147,NA,NA,1.5182,0.1147,897.994768962511
"114","3159",53,14494.5,273.481132075472,301.5631385966,284.047169811321,3106.57392632961,58.6146023835776,20.64194015287,14.6979894008277,0.653365787664607,0.947422657879693,16.6772253679418,0.714033379552317,"Ta06636","K1801_R8_C23_Ta04394_seed_lot",0.3131,0.0225,NA,NA,0.3356,0.0225,2355.55555555556
"115","3161",31,12888,415.741935483871,270.930245357476,429.129032258065,2337.74846279621,75.4112407353617,25.8072378097042,19.5135618948167,0.694761776193453,0.961149626696762,21.8108902561494,0.749546702683076,"Ta06728","K1801_R9_C46_Ta04833_seed_lot",0.4847,0.0224,NA,NA,0.5071,0.0224,1383.92857142857
"116","3172",79,46665,590.696202531646,294.249331935297,609.525316455696,7154.00483953953,90.5570232853105,30.4740735307524,23.7289038126982,0.695207696267224,0.964523203911918,26.3083467966165,0.774384276132159,"Ta06687","K1801_R8_C45_Ta04629_seed_lot",0.4273,0.083,NA,NA,0.5103,0.083,951.807228915663
"117","3182",17,12979.5,763.5,76.6295879540012,785.205882352941,1799.94233548641,105.878960910965,34.9294686036951,28.4937138276942,0.718514354734336,0.972356387752096,31.1401178606039,0.816520813611188,"Ta06511","K1801_R5_C20_Ta04476_seed_lot",0.0746,0.0305,NA,NA,0.1051,0.0305,557.377049180328
"118","3183",50,36767.5,735.35,156.93844659741,754.15,5108.26351225376,102.165270245075,33.4484287071228,28.0426194667816,0.724362572929106,0.973877328707638,30.2503559280372,0.836897519109242,"Ta06656","K1801_R8_C32_Ta04768_seed_lot",0.2869,0.0772,NA,NA,0.3641,0.0772,647.668393782383
"119","3190",141,95452.5,676.968085106383,206.628507340088,696.393617021277,13974.4289387465,99.1094250974926,33.3496019214603,25.9666997152017,0.718592797268741,0.971832401461797,29.0473658148346,0.781872692373964,"Ta06634","K1801_R8_C23_Ta04394_seed_lot",1.4584,0.2051,NA,NA,1.6635,0.2051,687.469527059971
"120","3194",100,65247,652.47,155.881637627704,670.82,9720.08633971214,97.2008633971214,32.3688265037537,25.9543925952911,0.720463461309059,0.97142550387544,28.5649903856661,0.804374388329356,"Ta06596","K1801_R7_C25_Ta04825_seed_lot",0.8863,0.1963,NA,0.1191,1.0826,0.1191,839.630562552477
"121","3197",93,74619.5,802.360215053763,92.1785650597523,822.284946236559,10051.1128189564,108.076481924262,36.4067844267814,28.5694236960462,0.724509368955717,0.975864734681707,31.914365123052,0.787817485994555,"Ta06718","K1801_R9_C33_Ta04587_seed_lot",3.1742,0.1537,NA,NA,3.3279,0.1537,605.074821080026
"122","3209",23,10934.5,475.413043478261,230.341231662837,489.478260869565,1860.22660601139,80.8794176526692,26.7458250626274,22.0650778646054,0.705718103737028,0.967165852296615,23.840580356619,0.825547734209418,"Ta06666","K1801_R8_C32_Ta04768_seed_lot",2.79,0.0211,NA,NA,2.8111,0.0211,1090.04739336493
"123","3222",137,105261.5,768.332116788321,70.373799158396,791.054744525547,14590.8107535839,106.502268274335,35.6771620033431,28.0191290082723,0.722253579317053,0.971237074261553,31.244114641813,0.788126790228807,"Ta06721","K1801_R9_C33_Ta04587_seed_lot",2.7994,0.2235,NA,NA,3.0229,0.2235,612.975391498881
"124","3231",12,3162.5,263.541666666667,202.303940816033,274.958333333333,728.884336829185,60.7403614024321,20.9001717567444,15.7832306226095,0.678853355211245,0.95527828972081,17.4567036373928,0.754775640329103,"Ta06746","K1801_R9_C5_Ta04605_seed_lot",1.763,0.0051,NA,NA,1.7681,0.0051,2352.94117647059
"125","3234",69,44389.5,643.326086956522,230.414840496934,661.702898550725,6592.13983500004,95.5382584782614,31.5477621658989,25.7018902059914,0.708096068758857,0.970369957383934,28.0548899381225,0.810837385900267,"Ta06679","K1801_R8_C44_Ta04396_seed_lot",1.1704,0.083,NA,NA,1.2534,0.083,831.325301204819
"126","3243",27,16460.5,609.648148148148,317.793559467064,626.222222222222,2436.84391713142,90.253478412275,29.9975490570068,24.1913505130344,0.710951820479048,0.969716069202095,26.5341753045368,0.794551638864367,"Ta06672","K1801_R8_C44_Ta04396_seed_lot",0.0683,0.0311,NA,NA,0.0994,0.0311,868.167202572347
"127","3247",40,30989,774.725,114.884443056535,794.45,4234.38422834873,105.859605708718,34.6890155315399,28.7580842018127,0.730234898365972,0.975148067468283,31.3195866432388,0.834841437724816,"Ta06349","K1801_R1_C2_Ta04565_seed_lot",0.0231,0.0653,NA,NA,0.0884,0.0653,612.557427258806
"128","3247",40,30989,774.725,114.884443056535,794.45,4234.38422834873,105.859605708718,34.6890155315399,28.7580842018127,0.730234898365972,0.975148067468283,31.3195866432388,0.834841437724816,"Ta06349","K1801_R1_C2_Ta04565_seed_lot",0.0028,0.0657,NA,NA,0.0685,0.0657,608.82800608828
"129","3252",56,40169.5,717.3125,211.920902107366,736.410714285714,5652.13566112518,100.930993948664,33.847943510328,26.7753465516227,0.711287353791972,0.97002534632776,29.6314358234645,0.785478140627746,"Ta06736","K1801_R9_C46_Ta04833_seed_lot",1.0752,0.0809,NA,NA,1.1561,0.0809,692.21260815822
"130","3255",99,58659.5,592.520202020202,283.569538669412,614.146464646465,9086.85886251926,91.7864531567602,30.7812630431821,24.0528780330311,0.700980395464446,0.961733642684587,26.6215807670053,0.778955332742404,"Ta06697","K1801_R9_C24_Ta04704_seed_lot",3.1425,0.1023,NA,NA,3.2448,0.1023,967.741935483871
"131","3279",97,78920.5,813.613402061856,160.00690911441,836.943298969072,10590.8672134876,109.184198077192,36.8776153682433,28.4322640330521,0.711788474568052,0.971099460874764,31.9957459575612,0.774128258684075,"Ta06577","K1801_R6_C44_Ta04613_seed_lot",1.4163,0.2449,NA,0.1683,1.6612,0.1683,576.351752822341
"132","3285",84,65978,785.452380952381,79.4194529843605,805.5,8975.75330388546,106.854205998636,35.5800608226231,28.4946493875413,0.725499374590481,0.975128814928888,31.583294075816,0.804111241000289,"Ta06417","K1801_R3_C12_Ta04447_seed_lot",0.7625,0.363,NA,0.1369,1.1255,0.1369,613.586559532505
"133","3286",53,47973,905.150943396226,120.212975465408,927.688679245283,6064.93673872948,114.432768655273,37.7101438630302,31.003781012769,0.729672232592202,0.975618016461165,33.869428495232,0.827687907873654,"Ta06468","K1801_R4_C19_Ta04838_seed_lot",2.7628,0.1138,NA,NA,2.8766,0.1138,465.72934973638
"134","3287",112,68129,608.294642857143,181.889551101407,625.977678571429,10458.10062325,93.3758984218751,30.6856672934123,25.2900159784726,0.722376434508639,0.970447715344247,27.4598851394078,0.825198559039774,"Ta06467","K1801_R4_C19_Ta04838_seed_lot",4.3614,0.1324,NA,NA,4.4938,0.1324,845.921450151057
"135","3288",64,42485,663.828125,87.4098274028001,680.421875,6247.76516485214,97.6213307008147,31.7030175924301,26.9693736732006,0.731303209819452,0.97557242698035,29.0091914444985,0.85498204038876,"Ta06660","K1801_R8_C32_Ta04768_seed_lot",3.476,0.1005,NA,NA,3.5765,0.1005,636.81592039801
"136","3289",48,33107,689.729166666667,119.028512511835,707.645833333333,4781.77109622955,99.620231171449,32.8769992987315,26.9735740820567,0.725393968476125,0.972367358557986,29.4657108159749,0.818889579674309,"Ta06410","K1801_R2_C27_Ta04561_seed_lot",2.0523,0.0745,NA,NA,2.1268,0.0745,644.295302013423
"137","3290",75,60389.5,805.193333333333,114.961359352367,825.96,8097.10446643829,107.961392885844,35.6844948959351,29.0869274648031,0.724485084721228,0.973971267563862,31.8831602433685,0.815715643968706,"Ta06737","K1801_R9_C46_Ta04833_seed_lot",1.6354,0.132,NA,NA,1.7674,0.132,568.181818181818
"138","3290",75,60389.5,805.193333333333,114.961359352367,825.96,8097.10446643829,107.961392885844,35.6844948959351,29.0869274648031,0.724485084721228,0.973971267563862,31.8831602433685,0.815715643968706,"Ta06737","K1801_R9_C46_Ta04833_seed_lot",1.6432,0.1327,NA,NA,1.7759,0.1327,565.184626978146
"139","3291",50,38667.5,773.35,107.577843197095,794.39,5310.91531777382,106.218306355476,35.1975363922119,28.3351494598389,0.725027175059858,0.973300318151271,31.2999393206843,0.811029547241658,"Ta06654","K1801_R8_C25_Ta04603_seed_lot",3.3753,0.1061,NA,NA,3.4814,0.1061,471.253534401508
"140","3293",139,87938.5,632.651079136691,189.501382873967,652.543165467626,13285.9049972296,95.5820503397811,31.600215953031,25.6763765623244,0.715452822317307,0.965977715429138,27.9823910815235,0.813782980804204,"Ta06491","K1801_R4_C46_Ta04526_seed_lot",0.9355,0.1711,NA,NA,1.1066,0.1711,812.39041496201
"141","3294",138,103481.5,749.865942028986,84.3024521003274,769.014492753623,14399.8401925564,104.346668062003,34.6313310844311,28.0205522481946,0.728786365062113,0.975056871267173,30.8495127983852,0.812135410306982,"Ta06693","K1801_R8_C45_Ta04629_seed_lot",1.0366,0.2197,NA,NA,1.2563,0.2197,628.129267182522
"142","3302",18,10471.5,581.75,240.5911378007,601.666666666667,1654.2022203207,91.9001233511501,31.607775900099,23.0553739865621,0.662559125493492,0.954186848180121,26.3414903338755,0.718164194428766,"Ta06405","K1801_R2_C27_Ta04561_seed_lot",0.476,0.0206,NA,NA,0.4966,0.0206,873.78640776699
"143","3303",89,71719,805.831460674157,84.5151930874852,825.629213483146,9601.10567784309,107.877591885877,35.3200854826509,29.4249353944586,0.725276545175472,0.975889548732064,31.9880262880449,0.835428478588594,"Ta06730","K1801_R9_C46_Ta04833_seed_lot",2.8809,0.2854,NA,0.1582,3.1663,0.1582,562.579013906447
"144","3304",121,50303,415.727272727273,305.591087075523,430.400826446281,8971.25373995304,74.1425928921739,25.0454125522582,19.4552985498728,0.686254259098111,0.959762175190801,21.4553721378214,0.782315584537096,"Ta06348","K1801_R1_C2_Ta04565_seed_lot",8.3315,0.0858,NA,NA,8.4173,0.0858,1410.25641025641
"145","3307",159,43636,274.440251572327,189.379009877586,291.03144654088,10095.2335275412,63.4920347644098,23.0414202768098,16.1837586936711,0.652149087070626,0.937094338473574,17.7825726678267,0.745304734734837,"Ta06639","K1801_R8_C23_Ta04394_seed_lot",0.6036,0.0651,NA,NA,0.6687,0.0651,2442.39631336406
"146","3310",137,107257,782.897810218978,102.039697052575,804,14677.2787932158,107.13342184829,35.9865545704417,28.1655924720486,0.724186007596302,0.97410921947664,31.5095988295299,0.785405678822413,"Ta06694","K1801_R8_C45_Ta04629_seed_lot",1.4116,0.2124,NA,NA,1.624,0.2124,645.009416195857
"147","3311",19,14360.5,755.815789473684,99.6869001934328,776.947368421053,1997.48143732548,105.130601964499,34.595639780948,28.4557832416735,0.726970285965662,0.973224618567426,30.962361501871,0.830556072184607,"Ta06444","K1801_R3_C5_Ta04747_seed_lot",0.0636,0.0292,NA,NA,0.0928,0.0292,650.684931506849
"148","3317",195,153763,788.528205128205,113.074867883017,809.753846153846,20891.7647413015,107.137255083598,35.3892281067677,28.7522487542568,0.726779396979438,0.971932100798776,31.5679677455731,0.814859563587623,"Ta06464","K1801_R4_C19_Ta04838_seed_lot",2.191,0.3978,NA,0.3391,2.5888,0.3391,575.051607195517
"149","3318",57,31954.5,560.605263157895,189.567240634569,578.640350877193,5137.57722175121,90.1329337149336,30.6471252441406,23.2069736614562,0.701374617056079,0.966731200142579,26.2696344741855,0.761923556797126,"Ta06662","K1801_R8_C32_Ta04768_seed_lot",0.1721,0.0639,NA,NA,0.236,0.0639,892.018779342723
"150","3321",75,46577,621.026666666667,146.295791937905,639.306666666667,7093.17640888691,94.5756854518255,30.8885543823242,25.8301286697388,0.720660068239445,0.970347551528642,27.872098252253,0.838000544481372,"Ta06603","K1801_R7_C44_Ta04446_seed_lot",1.9429,0.1037,NA,NA,2.0466,0.1037,723.240115718419
"151","3324",81,63476,783.654320987654,62.246317259302,803.617283950617,8598.39082229137,106.152973114708,34.1435383455253,29.6921114980439,0.731384036120325,0.975143184923402,31.5625218951186,0.871246344189184,"Ta06397","K1801_R2_C26_Ta04900_seed_lot",2.0378,0.139,NA,NA,2.1768,0.139,582.73381294964
"152","3329",84,70688.5,841.529761904762,108.348760596669,863.14880952381,9336.47112298012,111.148465749763,37.7821109635489,28.828159740993,0.719400666339907,0.975257587311378,32.6661250677365,0.767784023766214,"Ta06703","K1801_R9_C24_Ta04704_seed_lot",1.4762,0.1557,NA,NA,1.6319,0.1557,539.499036608863
"153","3331",112,90873,811.366071428571,77.4361108973957,831.446428571429,12111.5892045498,108.139189326337,35.4030545949936,29.6836414337158,0.729065548791109,0.975860117258379,32.1038359215875,0.840504970772402,"Ta06742","K1801_R9_C5_Ta04605_seed_lot",0.8554,0.1915,NA,NA,1.0469,0.1915,584.856396866841
"154","3350",118,93068,788.71186440678,124.115424063697,809.707627118644,12618.5841491222,106.937153806121,35.3348715345738,28.752085701894,0.72678255062114,0.973840771167696,31.566091585255,0.815396796625914,"Ta06702","K1801_R9_C24_Ta04704_seed_lot",1.8905,0.2916,NA,0.2022,2.1821,0.2022,583.580613254204
"155","3354",87,56598.5,650.557471264368,188.164611649619,670.385057471264,8442.92784035206,97.0451475902535,32.1464704754709,25.996901994464,0.70870753777014,0.9657503057501,28.3526242560828,0.805981689389048,"Ta06495","K1801_R4_C46_Ta04526_seed_lot",0.9361,0.1075,NA,NA,1.0436,0.1075,809.302325581395
"156","3355",124,108024,871.161290322581,155.513084023135,895.588709677419,13983.4066478014,112.769408450011,37.5593283560968,29.9289239298913,0.724935151301955,0.971134579112923,33.1501448007946,0.802053198507022,"Ta06470","K1801_R4_C19_Ta04838_seed_lot",1.6286,0.3189,NA,0.2364,1.9475,0.2364,524.534686971235
"157","3362",31,23685.5,764.048387096774,163.217817391296,782.403225806452,3250.56382262707,104.856897504099,34.9243925771406,28.0991050966324,0.723158767842048,0.975834891354987,30.960750324192,0.807826375026518,"Ta06580","K1801_R6_C44_Ta04613_seed_lot",0.347,0.0505,NA,NA,0.3975,0.0505,613.861386138614
"158","3370",112,84513.5,754.584821428571,83.9272767671715,780.415178571429,11840.2784541845,105.716771912362,34.9985076699938,28.1982467685427,0.722808692144295,0.96687477425479,30.944743343104,0.807245513912368,"Ta06472","K1801_R4_C19_Ta04838_seed_lot",1.2013,0.1955,NA,NA,1.3968,0.1955,572.890025575448
"159","3374",57,34806,610.631578947368,147.959077544501,628.166666666667,5356.15290594101,93.9675948410703,31.3356814133494,25.0031746312192,0.707278100894181,0.970467844004299,27.6446035874923,0.800811188047332,"Ta06584","K1801_R6_C44_Ta04613_seed_lot",0.0755,0.0667,NA,NA,0.1422,0.0667,854.572713643178
"160","3400",228,149070,653.815789473684,84.1747255368129,672.651315789474,22241.1171125174,97.548759265427,31.5182919836881,26.9614810692637,0.728161534664921,0.970902716377911,28.7760758601406,0.857483431293135,"Ta06743","K1801_R9_C5_Ta04605_seed_lot",1.5784,0.336,NA,NA,1.9144,0.336,678.571428571429
"161","3410",7,6039,862.714285714286,185.472787119579,885.714285714286,786.867092490196,112.409584641457,38.0650860922677,29.2924548557826,0.723629772783525,0.974256833720777,32.9844404933463,0.775525075820638,"Ta06617","K1801_R7_C49_Ta04429_seed_lot",1.0183,0.0126,NA,NA,1.0309,0.0126,555.555555555556
"162","3411",46,34960,760,126.237958721702,781.978260869565,4857.85435497761,105.605529456035,34.8434060967487,28.2540180579476,0.716566223131258,0.966953772050528,30.954535940208,0.812685599413965,"Ta06513","K1801_R5_C20_Ta04476_seed_lot",0.5094,0.0728,NA,NA,0.5822,0.0728,631.868131868132
"163","3415",47,31258.5,665.074468085106,58.7363285409616,682.68085106383,4625.36193299294,98.4119560211263,32.8512513992634,26.2550677035717,0.726302255502967,0.974183759881097,29.0721793265037,0.800888213728408,"Ta06512","K1801_R5_C20_Ta04476_seed_lot",0.2507,0.07,NA,NA,0.3207,0.07,671.428571428571
"164","3419",31,20264.5,653.693548387097,273.625007306817,676.322580645161,2993.42673945427,96.5621528856216,33.099783589763,24.5456931360306,0.668051115618032,0.949478844282426,27.7205197200599,0.725545112665798,"Ta06382","K1801_R2_C2_Ta04891_seed_lot",0.002,0.0454,NA,NA,0.0474,0.0454,682.819383259912
"165","3420",8,5486,685.75,89.0020063979298,703.4375,795.352373242378,99.4190466552973,32.5344023704529,27.2019681930542,0.730272342398649,0.974579966258433,29.4942993568137,0.836863528128566,"Ta06427","K1801_R3_C12_Ta04447_seed_lot",0.0054,0.013,NA,NA,0.0184,0.013,615.384615384615
"166","3425",34,30425,894.852941176471,425.853146003155,932.808823529412,3929.79130530357,115.582097214811,41.0419208863202,26.839719954659,0.665382730317019,0.953676584646532,32.3266967445024,0.664524845768218,"Ta06386","K1801_R2_C2_Ta04891_seed_lot",1.4148,0.0567,NA,NA,1.4715,0.0567,599.647266313933
"167","3428",84,38018,452.595238095238,237.393989989374,468.72619047619,6714.98550403118,79.9403036194188,26.8106638363429,21.1237011523474,0.689036586401091,0.962150034997505,23.1826077466984,0.788973138354264,"Ta06668","K1801_R8_C32_Ta04768_seed_lot",1.5733,0.0702,NA,NA,1.6435,0.0702,1196.5811965812
"168","3431",110,82690,751.727272727273,70.5208224947624,769.977272727273,11429.2662636042,103.90242057822,33.6853463606401,28.8014202291315,0.731867533497188,0.976282421638203,30.9025664180399,0.856448587447793,"Ta06430","K1801_R3_C12_Ta04447_seed_lot",2.3591,0.3459,NA,0.181,2.705,0.181,607.734806629834
"169","3435",49,37046.5,756.051020408163,88.8998878009439,775.622448979592,5130.68992197514,104.707957591329,34.6846006743762,28.1397615160261,0.726169261158005,0.97476816634493,30.9726293273218,0.814917175057111,"Ta06429","K1801_R3_C12_Ta04447_seed_lot",2.1591,0.083,NA,NA,2.2421,0.083,590.361445783132
"170","3436",27,19532.5,723.425925925926,279.371158679622,750.111111111111,2785.17695856094,103.154702168924,35.5188348911427,25.4809431499905,0.684098346376897,0.958000141885116,29.5069997108831,0.706651850430582,"Ta06420","K1801_R3_C12_Ta04447_seed_lot",0.6384,0.0395,NA,NA,0.6779,0.0395,683.544303797468
"171","3441",7,2732.5,390.357142857143,236.625180803895,408.714285714286,522.315795302391,74.6165421860559,25.2995689937047,19.0254146712167,0.634657939918782,0.936292394682109,21.1822239607262,0.737162857627574,"Ta06492","K1801_R4_C46_Ta04526_seed_lot",0.8218,0.0048,NA,NA,0.8266,0.0048,1458.33333333333
"172","3442",47,37623.5,800.5,104.291137228184,820.659574468085,5084.74879705906,108.186144618278,36.3436570674815,28.4636395637025,0.724774159637302,0.975385826556827,31.8560051653653,0.788183491602503,"Ta06581","K1801_R6_C44_Ta04613_seed_lot",0.5791,0.0838,NA,NA,0.6629,0.0838,560.859188544153
"173","3443",28,17677,631.321428571429,259.14939972082,649.785714285714,2647.47847270966,94.5528025967734,32.5567644664219,24.1173706906182,0.684680427333648,0.960981464824582,27.4212898921578,0.734855921102049,"Ta06641","K1801_R8_C25_Ta04603_seed_lot",1.1613,0.0343,NA,NA,1.1956,0.0343,816.326530612245
"174","3446",84,43938.5,523.077380952381,256.990817121204,538.470238095238,7158.38961291313,85.2189239632516,28.7978515852065,22.3978765919095,0.703270474058543,0.967880575047566,24.9055690188078,0.781371208122041,"Ta06466","K1801_R4_C19_Ta04838_seed_lot",3.3131,0.0806,NA,NA,3.3937,0.0806,1042.18362282878
"175","3450",26,12283.5,472.442307692308,286.334466207723,490.480769230769,2113.42256247997,81.2854831723066,28.1880812278161,20.1744770453526,0.671578458915641,0.950964077830746,23.2853647799438,0.718204974695683,"Ta06428","K1801_R3_C12_Ta04447_seed_lot",1.158,0.0204,NA,NA,1.1784,0.0204,1274.50980392157
"176","3451",7,5833,833.285714285714,160.58664772817,856.357142857143,770.180800080299,110.0258285829,36.1784400939941,29.6197776794434,0.718637631374336,0.97325300127989,32.4464303180492,0.825172755342478,"Ta06575","K1801_R6_C44_Ta04613_seed_lot",0.0117,0.011,NA,NA,0.0227,0.011,636.363636363636
"177","3452",63,36144.5,573.722222222222,209.577162204193,591.015873015873,5701.16509580612,90.4946840604146,29.8892490447514,24.3611792155675,0.709689562296815,0.968652220627264,26.529048121009,0.816928389974437,"Ta06611","K1801_R7_C44_Ta04446_seed_lot",1.5772,0.0785,NA,NA,1.6557,0.0785,802.547770700637
"178","3455",165,93425,566.212121212121,198.92727675597,584.260606060606,14848.4015884399,89.9903126572118,29.8845079710989,24.0256729761759,0.713673497184361,0.967106977530608,26.3482159544519,0.804457483947478,"Ta06422","K1801_R3_C12_Ta04447_seed_lot",1.4549,0.1773,NA,NA,1.6322,0.1773,930.626057529611
"179","3459",114,84166,738.298245614035,97.4863439335585,758.074561403509,11778.1190782785,103.316834019987,33.9321702488682,28.0562538766024,0.726975749437984,0.9727911453242,30.5571571451893,0.827078653771733,"Ta06395","K1801_R2_C26_Ta04900_seed_lot",1.1893,0.1874,NA,NA,1.3767,0.1874,608.324439701174
"180","3460",14,10257.5,732.678571428571,89.968286537077,754.928571428571,1460.37884664536,104.312774760383,34.9340391159058,27.0879515239171,0.711515545228033,0.970337942608567,30.4886498687943,0.777540230434913,"Ta06644","K1801_R8_C25_Ta04603_seed_lot",0.004,0.0239,NA,NA,0.0279,0.0239,585.774058577406
"181","3471",273,191871.5,702.826007326007,75.7196232372502,720.998168498169,27547.0172725916,100.904825174328,33.2825223412706,27.303375181261,0.729550500815935,0.974838362434327,29.8725356028672,0.822549864832697,"Ta06582","K1801_R6_C44_Ta04613_seed_lot",0.4203,0.4161,NA,NA,0.8364,0.4161,656.092285508291
"182","3474",23,17251,750.04347826087,238.782418695893,773.54347826087,2403.02768325806,104.479464489481,35.6196653117304,26.7764179395593,0.707783195536806,0.967124675884139,30.424787687693,0.754909277746667,"Ta06421","K1801_R3_C12_Ta04447_seed_lot",0.3412,0.0364,NA,NA,0.3776,0.0364,631.868131868132
"183","3480",33,24533.5,743.439393939394,155.483859571086,763.969696969697,3404.93135225773,103.179737947204,33.4072847944317,28.4996273734353,0.718042124640029,0.972771600634317,30.4879075686759,0.853535674809009,"Ta06658","K1801_R8_C32_Ta04768_seed_lot",0.4214,0.0555,NA,NA,0.4769,0.0555,594.594594594595
"184","3487",87,60225.5,692.247126436782,79.5722895542313,708.206896551724,8632.89335274696,99.2286592269766,31.8239830718643,28.094102618338,0.737438437184701,0.977463651556077,29.6402774665005,0.884261706650513,"Ta06733","K1801_R9_C46_Ta04833_seed_lot",0.4115,0.1191,NA,NA,0.5306,0.1191,730.478589420655
"185","3501",34,14610,429.705882352941,158.412107245391,443.132352941176,2666.22363913059,78.4183423273704,26.0552649217493,21.0239449388841,0.70166312934132,0.967315437208467,22.9760474732207,0.803733736027267,"Ta06369","K1801_R2_C11_Ta04388_seed_lot",0.7097,0.0277,NA,NA,0.7374,0.0277,1227.43682310469
"186","3502",0,0,0,0,0,0,0,0,0,0,0,0,0,"Ta06362","K1801_R2_C11_Ta04388_seed_lot",0.0384,0.0054,NA,NA,0.0438,0.0054,0
"187","3503",12,8757.5,729.791666666667,191.242285445516,749.375,1219.92805409431,101.660671174526,32.5298628807068,28.479926109314,0.729532171414943,0.973859190473517,30.1462817198433,0.876385457465259,"Ta06366","K1801_R2_C11_Ta04388_seed_lot",0.0728,0.0169,NA,NA,0.0897,0.0169,710.059171597633
"188","3504",97,68421,705.371134020619,103.713730566765,723.469072164948,9755.79196619987,100.575174909277,32.107937016438,28.4072588301197,0.728673661174612,0.975370800055016,29.8905611169638,0.889189086616723,"Ta06373","K1801_R2_C11_Ta04388_seed_lot",0.1978,0.1362,NA,NA,0.334,0.1362,712.187958883994
"189","3506",33,24619.5,746.045454545455,256.292080801999,779.075757575758,3455.4166353941,104.709595011942,34.4353219234582,27.7491113778317,0.716277069365941,0.968488829392442,30.3789674103135,0.81911917182054,"Ta06365","K1801_R2_C11_Ta04388_seed_lot",0.087,0.0528,NA,NA,0.1398,0.0528,625
"190","3507",86,59345,690.058139534884,166.281183163174,709.145348837209,8545.19486272335,99.3627309618994,32.5067085332649,27.0565433890321,0.714533911060923,0.96856978567263,29.2818437526412,0.831712178381227,"Ta06363","K1801_R2_C11_Ta04388_seed_lot",0.8858,0.1435,NA,NA,1.0293,0.1435,599.303135888502
"191","3509",19,15240.5,802.131578947368,71.1908315931481,822.552631578947,2047.36368918419,107.755983641273,35.6372182745683,29.2352029900802,0.727121545231636,0.975279246414112,31.9278727510539,0.823378579841134,"Ta06371","K1801_R2_C11_Ta04388_seed_lot",0.3275,0.0322,NA,NA,0.3597,0.0322,590.062111801242
"192","3513",14,9749,696.357142857143,244.241323644923,716.75,1383.22451639175,98.8017511708396,32.9751954078674,26.1017467635018,0.714954368393104,0.970243147870341,29.0551545408639,0.79238343675629,"Ta06538","K1801_R5_C52_Ta04612_seed_lot",0.02,0.0305,NA,NA,0.0505,0.0305,459.016393442623
"193","3575",10,6110,611,153.3925610249,629.7,946.406195521355,94.6406195521355,31.5436910629272,25.2040172576904,0.710201522501648,0.969294031416654,27.6713193270958,0.799980130625251,"Ta06388","K1801_R2_C2_Ta04891_seed_lot",0.1104,0.0113,NA,NA,0.1217,0.0113,884.955752212389
"194","3587",131,100787.5,769.370229007634,78.8932235509162,788.729007633588,13852.4533293247,105.743918544464,35.0202404779332,28.4203939365067,0.728237681645364,0.975482310834906,31.2572416190178,0.815181451038027,"Ta06486","K1801_R4_C35_Ta04763_seed_lot",0.918,0.21,NA,NA,1.128,0.21,623.809523809524
"195","3588",107,84933,793.766355140187,130.51937826479,815.341121495327,11544.0114351511,107.887957337861,36.4751136458923,28.0624306580731,0.723417119773639,0.973628882737595,31.6871558393784,0.772573177344094,"Ta06479","K1801_R4_C35_Ta04763_seed_lot",2.2548,0.4257,NA,0.1933,2.6805,0.1933,553.543714433523
"196","3590",98,67129.5,684.994897959184,111.60452303258,701.678571428571,9666.06910312176,98.63335819512,32.019350421672,27.3829724545382,0.731154844777582,0.975549000728099,29.3602722521514,0.856188255124612,"Ta06485","K1801_R4_C35_Ta04763_seed_lot",8.6891,0.3537,NA,0.1511,9.0428,0.1511,648.577101257445
"197","3663",170,95158.5,559.755882352941,294.554694684127,580.597058823529,15187.545817852,89.3385048108942,30.5236780727611,22.8086537305047,0.684632123122472,0.958295410830717,25.6996506856881,0.743960416749261,"Ta06481","K1801_R4_C35_Ta04763_seed_lot",2.3279,0.1698,NA,NA,2.4977,0.1698,1001.17785630153
"198","3666",7,3885,555,293.723083873229,573.285714285714,631.327989459038,90.1897127798625,30.7094849177769,22.4874839101519,0.660534002158044,0.942355766712119,25.3132279727066,0.705159220815878,"Ta06483","K1801_R4_C35_Ta04763_seed_lot",0.0516,0.0097,"1",NA,0.0613,0.0097,721.649484536082
"199","3673",33,21920.5,664.257575757576,161.722327675987,684.787878787879,3231.30898737907,97.9184541630023,32.3178059838035,26.1734041589679,0.71475894673476,0.966682267115593,28.7311830105887,0.811811327718559,"Ta06450","K1801_R3_C7_Ta04522_seed_lot",0.6322,0.0414,NA,NA,0.6736,0.0414,797.101449275362
"200","3680",152,101201,665.796052631579,174.764546953129,685.690789473684,14944.4158655405,98.3185254311875,32.9352513300745,25.909389291939,0.712179430460276,0.969471013232934,28.7959203279945,0.786419496322059,"Ta06440","K1801_R3_C5_Ta04747_seed_lot",0.7203,0.1916,NA,0.0706,0.9119,0.0706,2152.97450424929
"201","3683",112,84043,750.383928571429,136.293700854205,771.285714285714,11712.3444706202,104.574504201966,34.8484874112265,27.7985305999007,0.717023673292036,0.971364203803839,30.759025080872,0.801890608697944,"Ta06480","K1801_R4_C35_Ta04763_seed_lot",3.6795,0.4404,NA,0.1782,4.1199,0.1782,628.507295173962
"202","3687",20,15961,798.05,206.243909000969,822.125,2149.60633146763,107.480316573381,36.0444430351257,28.3986290454865,0.70817393432779,0.956974810594368,31.3604840058644,0.784801661312441,"Ta06433","K1801_R3_C5_Ta04747_seed_lot",0.0383,0,NA,NA,0.0383,0.0383,522.193211488251
"203","3691",132,97172,736.151515151515,91.1345984566494,757.310606060606,13762.1964050531,104.259063674645,34.752334580277,27.5687392841686,0.724105404708137,0.972007655305675,30.5562179132282,0.798123391954685,"Ta06431","K1801_R3_C5_Ta04747_seed_lot",0.6861,0.1852,NA,NA,0.8713,0.1852,712.742980561555
"204","3692",91,72073,792.010989010989,175.834470423211,813.434065934066,9751.36556386948,107.157863339225,36.1758515284612,28.0603049980415,0.725944638310125,0.973937523772581,31.576011489033,0.777530640790867,"Ta06451","K1801_R3_C7_Ta04522_seed_lot",0.2933,0.1531,NA,NA,0.4464,0.1531,594.382756368387
"205","3693",124,86120,694.516129032258,122.241596307561,715.245967741935,12470.3343695402,100.567212657582,33.4029060025369,26.8377707619821,0.721496824082306,0.970416377889758,29.5570574375793,0.804917193217267,"Ta06447","K1801_R3_C7_Ta04522_seed_lot",1.2846,0.2017,NA,NA,1.4863,0.2017,614.774417451661
"206","3695",7,4639.5,662.785714285714,192.567056966064,684.571428571429,688.541192054749,98.3630274363926,31.5956933157785,27.406224659511,0.720332797611123,0.968019771389492,28.8349617293196,0.869606278150451,"Ta06434","K1801_R3_C5_Ta04747_seed_lot",0,0.0113,NA,NA,0.0113,0.0113,619.469026548673
"207","3696",14,10282.5,734.464285714286,199.048067666477,758.285714285714,1443.20727396011,103.086233854294,34.2681725365775,27.1232398578099,0.70232852198989,0.966127635450377,30.1465087620668,0.801249921725364,"Ta06443","K1801_R3_C5_Ta04747_seed_lot",0.0458,0.021,NA,NA,0.0668,0.021,666.666666666667
"208","3701",54,40693.5,753.583333333333,141.090923113096,774.898148148148,5659.79251527786,104.810972505146,34.8029187873558,27.8857416400203,0.718777216018549,0.972115801639233,30.7997612589308,0.80136913415711,"Ta06439","K1801_R3_C5_Ta04747_seed_lot",0.0949,0,NA,NA,0.0949,0.0949,569.020021074816
"209","3702",6,4056,676,335.851008633293,699.25,590.700572371483,98.4500953952471,34.3082393010457,23.9895079533259,0.650696441945058,0.943478390377376,27.8613989490046,0.665483971603794,"Ta06438","K1801_R3_C5_Ta04747_seed_lot",0.0084,0,NA,NA,0.0084,0.0084,714.285714285714
"210","4001",83,69296.5,834.897590361446,126.655013454451,856.518072289157,9120.56448793411,109.886319131736,36.4543445311397,29.4856397157692,0.723207791163197,0.972386310778013,32.4455333701851,0.809263561969667,"Ta06648","K1801_R8_C25_Ta04603_seed_lot",2.0877,0.3025,NA,NA,2.3902,0.3025,274.380165289256
"211","4001",83,69296.5,834.897590361446,126.655013454451,856.518072289157,9120.56448793411,109.886319131736,36.4543445311397,29.4856397157692,0.723207791163197,0.972386310778013,32.4455333701851,0.809263561969667,"Ta06648","K1801_R8_C25_Ta04603_seed_lot",2.092,0.1543,NA,0.1479,2.2463,0.1479,561.189993238675
"212","4002",43,37566.5,873.639534883721,107.90468267242,896.406976744186,4862.2391320467,113.075328652249,37.7173015239627,30.035213426102,0.723332394484302,0.974602588239693,33.2872919115643,0.79921691422111,"Ta06713","K1801_R9_C33_Ta04587_seed_lot",0.6207,0.0787,NA,NA,0.6994,0.0787,546.378653113088
"213","4003",117,88256,754.324786324786,70.3440840170938,774.320512820513,12277.6135854721,104.936868251898,35.1556988740579,27.7644484104254,0.720619532569875,0.974227234687402,30.9580383302946,0.792313575163095,"Ta06404","K1801_R2_C27_Ta04561_seed_lot",0.2768,0.1814,NA,NA,0.4582,0.1814,644.983461962514
"214","4007",3,1408.5,469.5,336.165509831095,482.666666666667,234.208150267601,78.0693834225337,27.3200569152832,19.5438397725423,0.648273639940307,0.971984143288857,22.7770690469131,0.677822021146261,"Ta06715","K1801_R9_C33_Ta04587_seed_lot",1.3331,0.0035,NA,NA,1.3366,0.0035,857.142857142857
"215","4008",77,60865.5,790.461038961039,81.1332061875702,809.545454545455,8252.84457778931,107.179799711549,35.9672232045756,28.3380661010742,0.728638158407291,0.976344568210639,31.6814378029614,0.789568998240799,"Ta06612","K1801_R7_C44_Ta04446_seed_lot",0.5866,0.1405,NA,NA,0.7271,0.1405,548.042704626335
"216","4009",22,11263.5,511.977272727273,239.371074617708,527.704545454545,1846.77076160908,83.9441255276853,27.1348682750355,23.1414595950734,0.699461384964882,0.962789142616704,24.6195348675334,0.841919592977272,"Ta06346","K1801_R1_C11_Ta04641_seed_lot",0.4903,0.0264,NA,NA,0.5167,0.0264,833.333333333333
"217","4010",79,29193.5,369.537974683544,253.6916886664,382.506329113924,5645.54273211956,71.4625662293615,24.3310650209837,18.687251121183,0.693219013140753,0.963637583718936,20.7679252489768,0.771286301888378,"Ta06571","K1801_R6_C44_Ta04613_seed_lot",2.2192,0.0418,NA,NA,2.261,0.0418,1889.95215311005
"218","4013",92,65887,716.163043478261,183.236892679905,736.684782608696,9345.11578178406,101.577345454175,33.887834466022,27.0252836942673,0.712836992753625,0.971080879535257,29.8595248963624,0.798154242151189,"Ta06605","K1801_R7_C44_Ta04446_seed_lot",4.3138,0.2323,NA,0.1438,4.5461,0.1438,639.777468706537
"219","4016",18,6269,348.277777777778,183.595881523574,360.583333333333,1266.99912345409,70.3888401918941,23.6801529990302,18.6149753994412,0.69153750581037,0.965171991208815,20.4923037976523,0.792543655146691,"Ta06565","K1801_R6_C18_Ta04704_seed_lot",0.8421,0.0102,NA,NA,0.8523,0.0102,1764.70588235294
"220","4017",114,60382.5,529.671052631579,245.55646421798,545.552631578947,9755.29954361916,85.5728030142031,28.3549237167626,23.1272059490806,0.710110593236266,0.968786653519064,25.1346450522671,0.814128894587364,"Ta06383","K1801_R2_C2_Ta04891_seed_lot",0.2475,0.1072,NA,NA,0.3547,0.1072,1063.4328358209
"221","4018",14,9696.5,692.607142857143,201.797707024732,712.535714285714,1392.9230017662,99.4945001261575,32.9092453547886,26.9015446390424,0.713424175734021,0.971757746362687,29.2898727389273,0.811045938849381,"Ta06585","K1801_R7_C25_Ta04825_seed_lot",0.1882,0.015,NA,NA,0.2032,0.015,933.333333333333
"222","4019",41,27892.5,680.30487804878,46.22457112413,702.158536585366,4101.91619205475,100.046736391579,32.4888820182986,27.3556912119796,0.720234670310079,0.969364154710224,29.4142533473191,0.845350549153402,"Ta06597","K1801_R7_C25_Ta04825_seed_lot",0.0938,0.0593,NA,NA,0.1531,0.0593,691.399662731872
"223","4020",109,77094,707.284403669725,55.9741742273,725.087155963303,11020.6834462881,101.107187580625,33.0361021374344,27.6700995384006,0.733844144290298,0.975420554623274,29.9852411651651,0.840291904200702,"Ta06602","K1801_R7_C44_Ta04446_seed_lot",2.322,0.1867,NA,NA,2.5087,0.1867,583.824317086235
"224","4022",32,22378.5,699.328125,164.945866455898,717.421875,3191.93640398979,99.748012624681,32.801231443882,27.1829300820827,0.719408118566246,0.972770473871211,29.5338613959767,0.829410694663582,"Ta06632","K1801_R8_C23_Ta04394_seed_lot",0.6711,0.048,NA,NA,0.7191,0.048,666.666666666667
"225","4023",40,31118.5,777.9625,200.364551969398,798.35,4213.51417517662,105.337854379416,35.1851583957672,28.2900850296021,0.711808265128923,0.961307763303966,30.9677365662642,0.800697132060032,"Ta06393","K1801_R2_C26_Ta04900_seed_lot",0.0411,0.0674,NA,NA,0.1085,0.0674,593.471810089021
"226","4024",57,47552.5,834.254385964912,106.806656210074,854.90350877193,6268.86061501503,109.980010789737,36.4421816708749,29.5421280442623,0.725295202072559,0.975912514252205,32.5217510639352,0.813522319236012,"Ta06749","K1801_R9_C5_Ta04605_seed_lot",4.724,0.1047,NA,NA,4.8287,0.1047,544.412607449857
"227","4025",36,23811.5,661.430555555556,316.935373150376,683.305555555556,3449.21562325954,95.8115450905429,31.4490016301473,25.7764768732919,0.697496018088718,0.964000524695243,27.9686755069211,0.811444128838865,"Ta06627","K1801_R8_C23_Ta04394_seed_lot",1.2511,0.0428,NA,NA,1.2939,0.0428,841.121495327103
"228","4026",16,9278,579.875,127.049662206031,598.375,1469.24890220165,91.8280563876033,30.0626331567764,24.8128005862236,0.702966593798545,0.967426431393979,26.9713335999773,0.825830678400379,"Ta06504","K1801_R5_C20_Ta04476_seed_lot",0.812,0.0161,NA,NA,0.8281,0.0161,993.788819875776
"229","4027",5,5178.5,1035.7,34.651118308072,1065.6,632.399057030678,126.479811406136,44.8379852294922,29.9074836730957,0.702095944229294,0.971907375520768,36.3097609824718,0.667333762849648,"Ta06392","K1801_R2_C26_Ta04900_seed_lot",5.6215,0.0099,NA,NA,5.6314,0.0099,505.050505050505
"230","4031",62,48300,779.032258064516,141.568927513916,798.782258064516,6588.70123505592,106.269374758967,35.1452702245405,28.6485282528785,0.730809816097644,0.975322529166712,31.3895951560293,0.823396574072222,"Ta06503","K1801_R5_C20_Ta04476_seed_lot",3.3344,0.1166,NA,NA,3.451,0.1166,531.732418524871
"231","4035",189,143526,759.396825396825,125.203870727655,779.825396825397,19857.6428164244,105.066893208595,35.1791654566608,27.7878985430198,0.721450355937221,0.970264665679865,30.9087011971588,0.789832419640726,"Ta06494","K1801_R4_C46_Ta04526_seed_lot",1.0785,0.3239,NA,NA,1.4024,0.3239,583.51343007101
"232","4036",64,45193,706.140625,123.322537132037,724.953125,6440.21595156193,100.628374243155,32.8310931175947,27.5315143615007,0.722635936353557,0.972625270170796,29.7923594977798,0.837139974254122,"Ta06500","K1801_R4_C46_Ta04526_seed_lot",0.6867,0.0941,NA,NA,0.7808,0.0941,680.127523910733
"233","4037",109,83702.5,767.912844036697,180.014400710423,788.724770642202,11482.9992390871,105.348616872359,34.5832542629417,28.6130565109603,0.720950793985106,0.971064092748687,30.9598916697926,0.823186003553054,"Ta06391","K1801_R2_C26_Ta04900_seed_lot",1.8227,0.2443,NA,0.1567,2.067,0.1567,695.596681557116
"234","4038",96,78037,812.885416666667,79.0772599945497,832.296875,10390.9189488888,108.238739050925,35.6932236154874,29.3632540901502,0.731164867966106,0.976680155591019,32.1322546605929,0.824677445217096,"Ta06353","K1801_R1_C2_Ta04565_seed_lot",3.0708,0.1733,NA,NA,3.2441,0.1733,553.952683208309
"235","4038",96,78037,812.885416666667,79.0772599945497,832.296875,10390.9189488888,108.238739050925,35.6932236154874,29.3632540901502,0.731164867966106,0.976680155591019,32.1322546605929,0.824677445217096,"Ta06353","K1801_R1_C2_Ta04565_seed_lot",3.0695,0.167,NA,NA,3.2365,0.167,574.850299401198
"236","4039",159,123653,777.691823899371,73.4070668558134,797.949685534591,16954.7084952593,106.633386762637,35.689071463339,28.1804888503357,0.726330832873858,0.974589956567646,31.4309220729963,0.792064581198116,"Ta06583","K1801_R6_C44_Ta04613_seed_lot",3.0293,0.2785,NA,NA,3.3078,0.2785,570.915619389587
"237","4040",128,103949,812.1015625,71.9547747118882,832.046875,13838.1761983633,108.110751549713,34.9623612165451,30.0949144214392,0.729883388355591,0.976039998874043,32.1229929909199,0.861798925274985,"Ta06402","K1801_R2_C26_Ta04900_seed_lot",5.0706,0.2226,NA,NA,5.2932,0.2226,575.022461814915
"238","4041",77,63136,819.948051948052,175.844327543,842.25974025974,8371.45475053787,108.720191565427,35.9090596236192,29.3210676769157,0.717548831278311,0.968570751597924,32.0026277485276,0.814228515672582,"Ta06752","K1801_R9_C5_Ta04605_seed_lot",2.9326,0.1336,NA,NA,3.0662,0.1336,576.347305389222
"239","4041",77,63136,819.948051948052,175.844327543,842.25974025974,8371.45475053787,108.720191565427,35.9090596236192,29.3210676769157,0.717548831278311,0.968570751597924,32.0026277485276,0.814228515672582,"Ta06752","K1801_R9_C5_Ta04605_seed_lot",2.9308,0.1341,NA,NA,3.0649,0.1341,574.198359433259
"240","4042",64,37002.5,578.1640625,209.282657171486,598.9296875,5888.62093877792,92.0097021684051,30.744362860918,24.1715016961098,0.69876567336175,0.962528207434854,26.6261811466055,0.786642222722467,"Ta06469","K1801_R4_C19_Ta04838_seed_lot",0.5864,0.0626,NA,NA,0.649,0.0626,1022.3642172524
"241","4043",45,33628.5,747.3,163.453162599065,768.566666666667,4688.75889778137,104.194642172919,34.5490278879801,27.7802849875556,0.710031284187989,0.962791346285897,30.4916871060407,0.799498935135092,"Ta06418","K1801_R3_C12_Ta04447_seed_lot",0.0073,0.0718,NA,NA,0.0791,0.0718,626.740947075209
"242","4044",106,80263,757.198113207547,101.765759964578,776.391509433962,11062.7322163582,104.36539826753,33.8218805385086,28.846220574289,0.729223492800385,0.975166023084145,30.9787119214793,0.855951442561293,"Ta06351","K1801_R1_C2_Ta04565_seed_lot",1.7714,0.3693,NA,NA,2.1407,0.3693,287.029515299215
"243","4044",106,80263,757.198113207547,101.765759964578,776.391509433962,11062.7322163582,104.36539826753,33.8218805385086,28.846220574289,0.729223492800385,0.975166023084145,30.9787119214793,0.855951442561293,"Ta06351","K1801_R1_C2_Ta04565_seed_lot",1.7742,0.1849,NA,0.1753,1.9591,0.1753,604.67769537935
"244","4046",67,51228.5,764.60447761194,179.251738872286,784.164179104478,6993.84545886517,104.385753117391,34.2455958181353,28.2968857395115,0.713641640317057,0.968022440342695,30.7882582449014,0.817329804778367,"Ta06751","K1801_R9_C5_Ta04605_seed_lot",2.8732,0.1126,NA,NA,2.9858,0.1126,595.026642984014
"245","4048",60,39095.5,651.591666666667,99.0437966668892,670.75,5834.21891820431,97.2369819700718,32.109209728241,26.1586249113083,0.721323823917081,0.970233900758848,28.6603496462691,0.812697968930782,"Ta06514","K1801_R5_C20_Ta04476_seed_lot",1.0193,0.094,NA,NA,1.1133,0.094,638.297872340426
"246","4049",55,28508,518.327272727273,242.859569584401,538.927272727273,4760.37412297726,86.5522567814047,29.2506907896562,22.7164141048085,0.683491050664707,0.953095906023217,24.8443770098563,0.78384319841026,"Ta06692","K1801_R8_C45_Ta04629_seed_lot",0.6066,0.0498,NA,NA,0.6564,0.0498,1104.41767068273
"247","4051",126,93219.5,739.837301587302,89.2780785941337,758.646825396825,13002.1547745466,103.191704559894,33.3367960188124,28.6447518061078,0.727261110488778,0.975087610882934,30.635691708724,0.861440431042639,"Ta06637","K1801_R8_C23_Ta04394_seed_lot",0.5995,0.181,NA,NA,0.7805,0.181,696.132596685083
"248","4054",135,75075,556.111111111111,215.461320996997,573.77037037037,12006.1190792322,88.9342154017201,29.4746830269142,23.8058027479384,0.707350772232466,0.966691806047984,26.0099319677278,0.802682831782717,"Ta06498","K1801_R4_C46_Ta04526_seed_lot",1.9619,0.147,NA,NA,2.1089,0.147,918.367346938776
"249","4057",197,137867.5,699.835025380711,87.401136227754,720.068527918782,19934.429604888,101.189997994355,33.5368728831335,27.0377285468397,0.724804354551412,0.971976374262713,29.787073129571,0.809491318038434,"Ta06618","K1801_R7_C49_Ta04429_seed_lot",2.208,0.2952,NA,NA,2.5032,0.2952,667.344173441734
"250","4063",12,5995.5,499.625,260.488799706873,515.875,1009.27625310421,84.1063544253508,28.7274279594421,21.6866850455602,0.659756561831107,0.952271102199682,23.9136073944169,0.728002818999046,"Ta06528","K1801_R5_C38_Ta04574_seed_lot",0.3401,0.011,NA,NA,0.3511,0.011,1090.90909090909
"251","4075",14,5853.5,418.107142857143,335.334860112386,433.607142857143,1024.10468065739,73.1503343326705,25.0612306594849,18.9315634455,0.649768434828239,0.946443661793318,20.9109746596594,0.720634470635206,"Ta06684","K1801_R8_C45_Ta04629_seed_lot",0.0328,0.0114,NA,NA,0.0442,0.0114,1228.0701754386
"252","4076",142,78016.5,549.411971830986,220.52123375428,569.911971830986,12696.7780219316,89.413929731913,30.1474471025064,23.0985571028481,0.696580417550228,0.962107410442636,25.8361008045595,0.771258613835906,"Ta06691","K1801_R8_C45_Ta04629_seed_lot",1.731,0.1441,NA,NA,1.8751,0.1441,985.426786953504
"253","4077",6,2101.5,350.25,392.868903070732,360.916666666667,392.090400576591,65.3484000960986,23.0218729972839,16.4446903069814,0.607193398151102,0.953136776115112,18.6190803145592,0.671421429093451,"Ta06623","K1801_R7_C49_Ta04429_seed_lot",0.842,0.003,NA,NA,0.845,0.003,2000
"254","4100",273,195097,714.641025641026,140.207066151975,733.113553113553,27755.7939660549,101.669574967234,34.0899591480856,26.9568438757034,0.727352232533466,0.975064727135507,30.0300274133098,0.79673181102429,"Ta06367","K1801_R2_C11_Ta04388_seed_lot",4.4944,0.4034,NA,NA,4.8978,0.4034,676.747645017353
"255","4102",32,16791.5,524.734375,205.128951746842,541.515625,2759.3190933466,86.2287216670811,28.521773993969,22.9605499207973,0.697404433429922,0.967058994576352,25.2151188599585,0.809274886152156,"Ta06663","K1801_R8_C32_Ta04768_seed_lot",4.1901,0.0354,NA,NA,4.2255,0.0354,903.954802259887
"256","4133",87,66777,767.551724137931,119.993120793196,787.609195402299,9162.46398174763,105.315677951122,34.327192043436,28.8555542079882,0.727013918507803,0.974681653109245,31.1733773743109,0.8449988287464,"Ta06350","K1801_R1_C2_Ta04565_seed_lot",1.4457,0.1387,NA,NA,1.5844,0.1387,627.253064167268
"257","4134",1,716.5,716.5,NA,733.5,102.669046759605,102.669046759605,36.9485816955566,25.2729301452637,0.731122448979592,0.976823449216087,30.2039092470287,0.684002713649573,"Ta06390","K1801_R2_C26_Ta04900_seed_lot",1.8593,0.002,NA,NA,1.8613,0.002,500
"258","4135",4,3380,845,123.419339381368,868.75,444.132030248642,111.03300756216,36.4109392166138,29.726372718811,0.720027681771633,0.971958874518335,32.7331208389551,0.819150944019694,"Ta06650","K1801_R8_C25_Ta04603_seed_lot",0.8751,0.0081,NA,NA,0.8832,0.0081,493.827160493827
"259","4146",139,62523.5,449.809352517986,208.187131851174,465.212230215827,11061.009342432,79.5756067800865,26.5611409797943,21.1497529050429,0.69229610012922,0.962591617452157,23.175085150535,0.790901415262385,"Ta06379","K1801_R2_C2_Ta04891_seed_lot",0.0849,0.106,NA,NA,0.1909,0.106,1311.32075471698
"260","4157",5,3390.5,678.1,69.8904499913972,696.9,494.51680624485,98.90336124897,31.6265628814697,27.6603282928467,0.729416727761486,0.973169800008834,29.3502625570145,0.874936901556593,"Ta06570","K1801_R6_C18_Ta04704_seed_lot",0,0.0072,"2",NA,0.0072,0.0072,694.444444444444
"261","4167",96,38202,397.9375,238.286826832927,412.276041666667,7153.3185492754,74.5137348882854,24.6433051228523,20.1156549155712,0.699080575221939,0.965475970737582,21.7474917194466,0.816704707292813,"Ta06680","K1801_R8_C44_Ta04396_seed_lot",1.8076,0.0619,NA,NA,1.8695,0.0619,1550.88852988691
"262","4197",93,75917.5,816.317204301075,80.0102501906935,836.301075268817,10108.4265267849,108.692758352526,35.9578613158195,29.4076700723299,0.729802908459435,0.976136700093085,32.2015564600833,0.819974244325667,"Ta06744","K1801_R9_C5_Ta04605_seed_lot",2.0437,0.2743,NA,0.1625,2.318,0.1625,572.307692307692
"263","4347",51,35365,693.43137254902,193.805547382108,722.666666666667,5208.48176896572,102.127093509132,33.6940020018933,26.6496602507199,0.688332312186494,0.951190875537148,29.1819921084788,0.784811701543142,"Ta06707","K1801_R9_C24_Ta04704_seed_lot",0.1799,0,NA,NA,0.1799,0.1799,283.49082823791
"264","4369",91,62648.5,688.445054945055,68.8860754575364,707.373626373626,9090.51571190357,99.8957770538854,32.1120105785328,27.8237554319612,0.730545921702113,0.973370297566612,29.5689784333366,0.868243529464766,"Ta06556","K1801_R6_C14_Ta04877_seed_lot",0.732,0,NA,NA,0.732,0.732,124.31693989071
"265","4457",67,50925,760.074626865672,70.508878321862,784.589552238806,7107.80383098125,106.086624343004,34.6060382501403,28.6829472157493,0.719155614140095,0.969090407542455,31.0757225957142,0.833299042229983,"Ta06530","K1801_R5_C52_Ta04612_seed_lot",0.7021,0,NA,NA,0.7021,0.7021,95.4280017091583
"266","4462",60,46693,778.216666666667,61.9020115953272,802.483333333333,6449.38752782345,107.489792130391,35.3172565460205,28.5756278991699,0.714494235168761,0.970160747876125,31.4532910478008,0.810071599496042,"Ta06341","K1801_R1_C11_Ta04641_seed_lot",0.6639,0,NA,NA,0.6639,0.6639,90.3750564844103
"267","4468",80,57157,714.4625,68.0801266100505,734.2125,8179.3471082449,102.241838853061,33.7271054983139,27.4249662399292,0.722917706449947,0.973220024914234,30.1271348640233,0.816984128794346,"Ta06370","K1801_R2_C11_Ta04388_seed_lot",0.8908,0,NA,NA,0.8908,0.8908,89.8069151324652
"268","4474",63,45498.5,722.198412698413,84.4610780603543,740.15873015873,6428.60073292255,102.041281474961,33.4044430445111,27.9992826855372,0.726298383229072,0.975708027714176,30.2700779373734,0.841740704534795,"Ta06540","K1801_R5_C52_Ta04612_seed_lot",2.3721,0,NA,NA,2.3721,2.3721,26.5587454154547
"269","4477",44,32255.5,733.079545454545,90.6230336230497,751.534090909091,4532.73451602459,103.016693546013,34.0457722056996,27.9235415458679,0.729643224111859,0.975505484663049,30.4905447241281,0.823971524649312,"Ta06375","K1801_R2_C2_Ta04891_seed_lot",0.325,0,NA,NA,0.325,0.325,135.384615384615
"270","4485",45,30923,687.177777777778,63.0160653718518,704.533333333333,4496.97715699673,99.9328257110384,33.6086625417074,26.4388077629937,0.724025549612877,0.97541533144574,29.5488127060547,0.787689320850198,"Ta06548","K1801_R6_C14_Ta04877_seed_lot",1.0934,0,NA,NA,1.0934,1.0934,41.15602707152
"271","4344",NA,NA,NA,NA,NA,NA,NA,NA,NA,NA,NA,NA,NA,"Ta06343","K1801_R1_C11_Ta04641_seed_lot",1.561,0,NA,NA,1.561,1.561,NA
"272","2858",NA,NA,NA,NA,NA,NA,NA,NA,NA,NA,NA,NA,NA,"Ta06347","K1801_R1_C2_Ta04565_seed_lot",5.1612,0.3468,NA,0.2075,5.508,0.2075,NA
"273","4486",NA,NA,NA,NA,NA,NA,NA,NA,NA,NA,NA,NA,NA,"Ta06356","K1801_R1_C2_Ta04565_seed_lot",0.6076,0,NA,NA,0.6076,0.6076,NA
"274","3314",NA,NA,NA,NA,NA,NA,NA,NA,NA,NA,NA,NA,NA,"Ta06412","K1801_R2_C27_Ta04561_seed_lot",2.1142,0.259,NA,0.1154,2.3732,0.1154,NA
"275","4334",NA,NA,NA,NA,NA,NA,NA,NA,NA,NA,NA,NA,NA,"Ta06414","K1801_R2_C27_Ta04561_seed_lot",1.84,0,NA,NA,1.84,1.84,NA
"276","3361",NA,NA,NA,NA,NA,NA,NA,NA,NA,NA,NA,NA,NA,"Ta06423","K1801_R3_C12_Ta04447_seed_lot",0.7648,0.1356,NA,NA,0.9004,0.1356,NA
"277","3313",NA,NA,NA,NA,NA,NA,NA,NA,NA,NA,NA,NA,NA,"Ta06425","K1801_R3_C12_Ta04447_seed_lot",1.5179,0.0805,NA,NA,1.5984,0.0805,NA
"278","3270",NA,NA,NA,NA,NA,NA,NA,NA,NA,NA,NA,NA,NA,"Ta06426","K1801_R3_C12_Ta04447_seed_lot",0.0559,0.0024,NA,NA,0.0583,0.0024,NA
"279","4358",NA,NA,NA,NA,NA,NA,NA,NA,NA,NA,NA,NA,NA,"Ta06432","K1801_R3_C5_Ta04747_seed_lot",0.1359,0,NA,NA,0.1359,0.1359,NA
"280","4349",NA,NA,NA,NA,NA,NA,NA,NA,NA,NA,NA,NA,NA,"Ta06437","K1801_R3_C5_Ta04747_seed_lot",0.0272,0,NA,NA,0.0272,0.0272,NA
"281","4327",NA,NA,NA,NA,NA,NA,NA,NA,NA,NA,NA,NA,NA,"Ta06442","K1801_R3_C5_Ta04747_seed_lot",0.0408,0,NA,NA,0.0408,0.0408,NA
"282","4366",NA,NA,NA,NA,NA,NA,NA,NA,NA,NA,NA,NA,NA,"Ta06458","K1801_R3_C7_Ta04522_seed_lot",0.1148,0,NA,NA,0.1148,0.1148,NA
"283","3300",NA,NA,NA,NA,NA,NA,NA,NA,NA,NA,NA,NA,NA,"Ta06460","K1801_R4_C19_Ta04838_seed_lot",0.0028,0.0859,NA,NA,0.0887,0.0859,NA
"284","3312",NA,NA,NA,NA,NA,NA,NA,NA,NA,NA,NA,NA,NA,"Ta06463","K1801_R4_C19_Ta04838_seed_lot",0.3452,0.0849,NA,NA,0.4301,0.0849,NA
"285","3301",NA,NA,NA,NA,NA,NA,NA,NA,NA,NA,NA,NA,NA,"Ta06465","K1801_R4_C19_Ta04838_seed_lot",2.3513,0.1465,NA,NA,2.4978,0.1465,NA
"286","4337",NA,NA,NA,NA,NA,NA,NA,NA,NA,NA,NA,NA,NA,"Ta06476","K1801_R4_C35_Ta04763_seed_lot",0.0952,0,NA,NA,0.0952,0.0952,NA
"287","3510",NA,NA,NA,NA,NA,NA,NA,NA,NA,NA,NA,NA,NA,"Ta06478","K1801_R4_C35_Ta04763_seed_lot",1.319,0.6366,NA,0.2013,1.9556,0.2013,NA
"288","3330",NA,NA,NA,NA,NA,NA,NA,NA,NA,NA,NA,NA,NA,"Ta06499","K1801_R4_C46_Ta04526_seed_lot",1.0358,0.091,NA,NA,1.1268,0.091,NA
"289","4326",NA,NA,NA,NA,NA,NA,NA,NA,NA,NA,NA,NA,NA,"Ta06522","K1801_R5_C38_Ta04574_seed_lot",0.0327,0,NA,NA,0.0327,0.0327,NA
"290","3359",NA,NA,NA,NA,NA,NA,NA,NA,NA,NA,NA,NA,NA,"Ta06525","K1801_R5_C38_Ta04574_seed_lot",0.0455,0.0832,NA,NA,0.1287,0.0832,NA
"291","3382",NA,NA,NA,NA,NA,NA,NA,NA,NA,NA,NA,NA,NA,"Ta06529","K1801_R5_C52_Ta04612_seed_lot",0.5891,0.081,NA,NA,0.6701,0.081,NA
"292","3505",NA,NA,NA,NA,NA,NA,NA,NA,NA,NA,NA,NA,NA,"Ta06536","K1801_R5_C52_Ta04612_seed_lot",4.398,0,NA,NA,4.398,4.398,NA
"293","4329",NA,NA,NA,NA,NA,NA,NA,NA,NA,NA,NA,NA,NA,"Ta06541","K1801_R5_C52_Ta04612_seed_lot",0.1175,0,NA,NA,0.1175,0.1175,NA
"294","3275",NA,NA,NA,NA,NA,NA,NA,NA,NA,NA,NA,NA,NA,"Ta06572","K1801_R6_C44_Ta04613_seed_lot",2.2221,0.2336,NA,NA,2.4557,0.2336,NA
"295","3315",NA,NA,NA,NA,NA,NA,NA,NA,NA,NA,NA,NA,NA,"Ta06574","K1801_R6_C44_Ta04613_seed_lot",0.0302,0.0163,NA,NA,0.0465,0.0163,NA
"296","3281",NA,NA,NA,NA,NA,NA,NA,NA,NA,NA,NA,NA,NA,"Ta06576","K1801_R6_C44_Ta04613_seed_lot",0.2387,0.0578,NA,NA,0.2965,0.0578,NA
"297","2846",NA,NA,NA,NA,NA,NA,NA,NA,NA,NA,NA,NA,NA,"Ta06592","K1801_R7_C25_Ta04825_seed_lot",0.7144,0.1753,NA,0.0997,0.8897,0.0997,NA
"298","3278",NA,NA,NA,NA,NA,NA,NA,NA,NA,NA,NA,NA,NA,"Ta06604","K1801_R7_C44_Ta04446_seed_lot",0.5173,0.0634,NA,NA,0.5807,0.0634,NA
"299","3328",NA,NA,NA,NA,NA,NA,NA,NA,NA,NA,NA,NA,NA,"Ta06659","K1801_R8_C32_Ta04768_seed_lot",2.0024,0.2611,NA,0.1253,2.2635,0.1253,NA
"300","3236",NA,NA,NA,NA,NA,NA,NA,NA,NA,NA,NA,NA,NA,"Ta06674","K1801_R8_C44_Ta04396_seed_lot",0.5681,0.1191,NA,0.0904,0.6872,0.0904,NA
"301","2515",NA,NA,NA,NA,NA,NA,NA,NA,NA,NA,NA,NA,NA,"Ta06676","K1801_R8_C44_Ta04396_seed_lot",0.2558,0.1159,NA,NA,0.3717,0.1159,NA
"302","4021",NA,NA,NA,NA,NA,NA,NA,NA,NA,NA,NA,NA,NA,"Ta06681","K1801_R8_C44_Ta04396_seed_lot",1.3386,0.2428,NA,0.1953,1.5814,0.1953,NA
"303","3248",NA,NA,NA,NA,NA,NA,NA,NA,NA,NA,NA,NA,NA,"Ta06711","K1801_R9_C33_Ta04587_seed_lot",0.0194,0.0188,NA,NA,0.0382,0.0188,NA
"304","4447",NA,NA,NA,NA,NA,NA,NA,NA,NA,NA,NA,NA,NA,"Ta06731","K1801_R9_C46_Ta04833_seed_lot",1.3428,0,NA,NA,1.3428,1.3428,NA
"305","4330",NA,NA,NA,NA,NA,NA,NA,NA,NA,NA,NA,NA,NA,"Ta06740","K1801_R9_C5_Ta04605_seed_lot",0.9183,0,NA,NA,0.9183,0.9183,NA
